insert into author(author_id, first_name, second_name, birth_city, birth_country, birth_date, author_descr, nationality) values
(7671, 'Deion', 'Funk', 'North Allie', 'Cocos (Keeling) Islands', '1977-12-13', 'Cupiditate et minima maxime ipsum dolor. Voluptatem deserunt quis modi explicabo pariatur est quasi. Eum fugit distinctio ut rerum exercitationem ut suscipit.', 'Romanian'),
(2580, 'Gloria', 'Hauck', 'Port Anissaport', 'Honduras', '1969-11-11', 'Et corporis dolor ratione ea. Voluptatem quisquam nihil. In totam ex sit ipsa repellat consectetur qui. Recusandae nihil cupiditate tenetur.', 'Greek'),
(5905, 'Karianne', 'Emmerich', 'West Eileen', 'Austria', '1922-09-04', 'Nobis non facilis aliquam harum tempore. Voluptatibus vero ut voluptas a. Aut molestiae inventore totam enim deleniti quia.', 'Cuban'),
(3286, 'Annette', 'Jast', 'Muellertown', 'Congo', '1986-10-13', 'Voluptatem officiis eos quod voluptate sit repudiandae. Nihil eum et cum sed. Pariatur ut quam natus non dolorem sint voluptatibus.', 'Luxembourger'),
(6805, 'Deshawn', 'Ratke', 'North Pasquale', 'Rwanda', '1976-01-15', 'Dolore doloribus sunt. Nisi placeat dolorem. Commodi delectus qui omnis harum consectetur laborum. Dolorem nihil autem et blanditiis ipsum iste.', 'Moldovan'),
(1280, 'Tania', 'Satterfield', 'Colinside', 'Liechtenstein', '1952-11-19', 'Non voluptas eos. Id eos sed error aperiam dolorum iusto necessitatibus. Ipsum ratione et autem vel ipsam.', 'Armenian'),
(541, 'Thelma', 'Deckow', 'Makennaport', 'Falkland Islands (Malvinas)', '1936-12-23', 'Excepturi laboriosam eaque corporis harum quae. Culpa quam quasi quidem quisquam. Consequatur accusamus distinctio adipisci.', 'Kittian and Nevisian'),
(3493, 'Jany', 'Quitzon', 'Zechariahchester', 'Thailand', '1935-10-11', 'Provident dolores error illum numquam alias. Quis doloremque iure ipsum magni. Impedit voluptatibus quos doloremque amet voluptas.', 'Mongolian'),
(5169, 'Kellen', 'Wolff', 'Lake Marquesport', 'Iraq', '1965-11-28', 'Sequi fugiat quos omnis voluptas illo velit. Occaecati pariatur neque eaque architecto nesciunt. Quidem eos illo dolor voluptas ut. Aspernatur perspiciatis at nemo est rerum. Accusamus vero ut quam.', 'Albanian'),
(1993, 'Ressie', 'Robel', 'Brownchester', 'Guam', '1981-02-14', 'Odio quia ut animi nostrum. Dicta consequatur laborum. Et ipsa aspernatur. Deserunt laboriosam dolores veritatis quas optio.', 'Albanian'),
(9132, 'Merle', 'Kulas', 'South Hilario', 'Swaziland', '1939-04-20', 'Sapiente aliquam quam. Et illum eaque. Quo quia eos ex.', 'Austrian'),
(6173, 'Augusta', 'Welch', 'West Tamaratown', 'United Arab Emirates', '1952-11-19', 'Molestiae illo ipsum natus quas ducimus fuga. Recusandae sequi saepe voluptates quasi. Itaque neque assumenda facere. Aliquam omnis similique ipsa rerum architecto et. Exercitationem quia eveniet soluta voluptatem necessitatibus velit provident.', 'Icelander'),
(7469, 'Evert', 'Murray', 'Leannonbury', 'Georgia', '1968-03-07', 'Voluptas maxime culpa. Illo a aut autem molestiae est minus molestias. Labore enim dolor. Dolorum et quia odit doloribus velit et aperiam. Sint est et asperiores.', 'Spanish'),
(2131, 'Euna', 'Stracke', 'West Noemi', 'Republic of Korea', '1968-08-03', 'Minima consequatur qui quae. Ratione omnis iure. Est eos cum quis voluptas et eum qui.', 'Romanian'),
(148, 'Sage', 'Baumbach', 'Johnsontown', 'Turkmenistan', '1924-05-02', 'Quis qui ab et est et. Tenetur molestias et iste omnis. Qui ut dolore fuga.', 'Slovenian'),
(7036, 'Viva', 'Connelly', 'South Oliverland', 'Niue', '1942-09-13', 'Sit nihil et est iste cupiditate sunt. Eos nobis quod illum non. Porro quisquam omnis sequi assumenda distinctio doloremque hic. Quaerat vel quaerat consequatur quibusdam illo magni dicta.', 'Armenian'),
(3935, 'Thelma', 'Gibson', 'Michealview', 'Haiti', '1981-10-12', 'Reiciendis sed nihil aspernatur recusandae. Dolores quidem provident similique. Accusantium quis quisquam molestiae nostrum.', 'Cuban'),
(6152, 'Johnny', 'Mayer', 'New Hilma', 'Kazakhstan', '1994-10-03', 'Repudiandae eum sint. Expedita eveniet distinctio maiores harum. Esse consequuntur vel. Accusantium autem a ut.', 'Belgian'),
(9646, 'Blaise', 'Turcotte', 'Lake Rettabury', 'Malaysia', '1978-06-04', 'Vitae est nisi necessitatibus est quae omnis. Facilis itaque ipsa necessitatibus officiis est incidunt aut. Facere qui ducimus. Optio nemo dolore quis temporibus. Omnis alias rerum reprehenderit ut reprehenderit quos dolorem.', 'Romanian'),
(4001, 'Desiree', 'Hermann', 'Christiansenstad', 'Marshall Islands', '1942-12-16', 'Dignissimos laboriosam consectetur corporis. Itaque quos reiciendis nesciunt et. Perspiciatis et voluptas non beatae est.', 'Greek'),
(8593, 'Cathrine', 'Crist', 'Lake Mireillefurt', 'Comoros', '1971-07-20', 'Laborum dignissimos voluptatem iure nobis. Assumenda reiciendis voluptas consequuntur ea qui minus. Dignissimos et praesentium cum voluptate. Rerum vero et. Mollitia veniam nostrum recusandae a.', 'Cambodian'),
(9768, 'Destinee', 'Turcotte', 'Kuhlmanburgh', 'Saint Vincent and the Grenadines', '1927-03-28', 'Distinctio iure voluptatem quam dolore. Porro aliquam aut consectetur veritatis. Aliquid ut ut hic.', 'Belgian'),
(9715, 'Brenden', 'Jacobi', 'Zulaufchester', 'Zambia', '1980-10-21', 'Alias molestias dignissimos dolorem et. Dicta nemo voluptate alias. Et voluptatum ipsam sit. Porro iusto nulla. Eius nostrum beatae.', 'Namibian'),
(1876, 'Jordyn', 'Durgan', 'New Ravenhaven', 'Bermuda', '1980-04-10', 'Sunt qui aut est consequatur. Eum assumenda nisi fugit consequatur. Delectus dolores officiis dolorum. Voluptatibus dolor amet.', 'Central African'),
(5428, 'Ceasar', 'Wuckert', 'North Zoilaport', 'Canada', '1943-03-22', 'Minima unde doloribus quis consequuntur dolores rerum. Eius et nesciunt praesentium accusamus qui est laudantium. Est qui eos tenetur quae. Sapiente dolorem rerum non rerum. Et velit harum est.', 'Afghan'),
(9340, 'William', 'O''Connell', 'Stantonport', 'Heard Island and McDonald Islands', '1942-05-21', 'Rerum et et et dolor quae molestiae ea. Aut voluptatem repellat et est non ea aliquid. Esse et fuga dolorem doloribus et quas.', 'Ukrainian'),
(3221, 'Loren', 'O''Connell', 'West Romainebury', 'Guam', '1934-06-26', 'Quisquam tempore ratione sed porro dolores neque. Quod impedit consequuntur quos porro. Maxime eos qui dolores eos. Libero suscipit enim dolorum est quo illum unde.', 'German'),
(5682, 'Devan', 'Huel', 'North Milanfort', 'Saint Barthelemy', '1920-09-16', 'Assumenda esse alias. Accusamus nulla eaque perspiciatis eveniet. Quo et dolor nam aliquam fugit non consequatur. Vel eos neque suscipit. Saepe magnam facere at et non ipsa.', 'Australian'),
(6279, 'Bernie', 'Mraz', 'Port Rudyside', 'Reunion', '1991-01-26', 'Distinctio et et aut voluptatem omnis. Sed minus optio culpa cupiditate illum. Earum tempora non sunt esse doloribus beatae. Reiciendis est ut blanditiis nesciunt quasi. Consequatur necessitatibus sit et vel et.', 'Andorran'),
(7177, 'Hermann', 'Klocko', 'Lake Eloisaport', 'Cuba', '1960-12-03', 'Voluptatem neque sed. Impedit amet dolor perferendis voluptatum consequatur. Ut aperiam non.', 'Armenian'),
(6119, 'Javon', 'Johnston', 'Estrellaburgh', 'Gibraltar', '1941-01-06', 'Omnis et dicta repellat rem numquam est tempora. Officia nesciunt non ea nulla. Ab delectus et aut eligendi facere.', 'Bahamian'),
(7030, 'Douglas', 'Flatley', 'North Zionhaven', 'Singapore', '1944-07-12', 'Quas provident delectus mollitia. Illum odit et laudantium sed officia. Culpa perferendis est voluptatibus.', 'Moldovan'),
(2945, 'Ahmad', 'Friesen', 'North Santiago', 'Papua New Guinea', '1951-12-09', 'Autem harum voluptatem quia voluptatem occaecati adipisci doloremque. Quae aut tempore impedit officia sit. Hic vel sit eius aut dignissimos.', 'Welsh'),
(9658, 'Baron', 'Walter', 'Ashlynnhaven', 'Paraguay', '1997-11-17', 'Dolor pariatur a. Maxime laudantium est repudiandae minus. Culpa molestiae maxime omnis. Est qui amet dolorum in maxime aut. Ducimus reiciendis consequuntur nihil.', 'Moldovan'),
(9015, 'Athena', 'Koch', 'Labadieside', 'Puerto Rico', '1939-10-30', 'Iste optio ipsum quia quis est quis. Perspiciatis nobis rerum et aspernatur et delectus. Omnis nam vitae enim corporis molestiae.', 'Syrian'),
(5600, 'Earline', 'Kshlerin', 'Yostfurt', 'Suriname', '1987-04-24', 'Voluptate quos saepe qui fuga totam quasi. Est consequatur nemo dolores hic. Quis eos atque rerum. Fugiat non iure nulla et corporis aut est. Nihil aperiam eos exercitationem aspernatur rerum.', 'Syrian'),
(9466, 'Timmothy', 'Boyle', 'New Kendramouth', 'Mozambique', '1941-10-11', 'Et nihil et quam pariatur nulla vero atque. Facere consequatur accusamus recusandae dolorem. Neque et soluta iste in et et ab.', 'Cambodian'),
(8029, 'Maudie', 'Abbott', 'Wernerside', 'Iraq', '1925-06-28', 'Ut doloribus saepe aut officiis provident fuga. Saepe dolorum deleniti. Est molestiae et sunt sunt. Autem nihil maxime modi omnis.', 'Polish'),
(9368, 'Addison', 'Lowe', 'West Howellmouth', 'Uzbekistan', '1982-10-04', 'Nulla quod architecto quae ullam. Pariatur sed ea sapiente iste voluptatem enim. Ipsa quidem repellendus in. Aut harum explicabo.', 'Slovenian'),
(4462, 'Brent', 'Kuhic', 'South Scarlettshire', 'Aruba', '1936-05-12', 'Cumque vero cupiditate voluptatibus. Molestiae voluptate quas neque velit vel. Illo id iste voluptatem ea architecto velit. Rerum rerum quaerat consequatur officiis natus.', 'Australian'),
(2236, 'Alexzander', 'O''Keefe', 'South Hailee', 'Swaziland', '1972-09-08', 'Minima quod dolor unde et eaque. Culpa quisquam enim quasi maiores aliquam voluptate totam. Quo totam ad non.', 'Scottish'),
(3325, 'Roselyn', 'Hartmann', 'O''Connerton', 'Mali', '1939-05-30', 'Corrupti eos perferendis praesentium aut quos. Enim nam praesentium. Quas suscipit eius enim. Iusto maiores tempora eos vitae commodi expedita. Ipsam est inventore ut hic.', 'Syrian'),
(7473, 'Collin', 'Dicki', 'Lake Clyde', 'Democratic People''s Republic of Korea', '1966-10-07', 'A excepturi recusandae qui minima. Necessitatibus deserunt possimus natus iste dolorem. Quas voluptatem inventore libero nesciunt dolorum et. Distinctio id earum iusto facere non explicabo ab.', 'British'),
(6743, 'Leola', 'Thompson', 'East Keaton', 'Yemen', '1966-11-28', 'Consequatur eligendi quo et nostrum dolorum tempore velit. Maxime atque voluptate culpa amet. Deserunt rerum doloremque debitis voluptate repudiandae facere. Culpa dolorum amet illo fuga fugit nostrum.', 'Belgian'),
(7141, 'Eve', 'Osinski', 'New Selina', 'Guam', '1932-07-12', 'Eos qui facilis. Consequatur consequuntur cum dolorem. Beatae debitis et distinctio.', 'Polish'),
(748, 'Delta', 'Hyatt', 'Marleeport', 'Taiwan', '1947-10-20', 'Cumque qui consequatur officiis et doloremque doloribus. Explicabo consectetur nihil quam distinctio optio laboriosam. Perspiciatis perspiciatis autem quibusdam consequuntur doloremque earum.', 'Liechtensteiner'),
(8365, 'Russ', 'Hudson', 'North Jocelyntown', 'Tokelau', '1938-09-04', 'Molestiae sunt laborum. Voluptas iure ab dolores non similique ut dolor. Voluptatem voluptate dolores libero repudiandae voluptatem quia eius. Ut qui doloremque veritatis officiis delectus.', 'Slovakian'),
(3431, 'Isidro', 'Weissnat', 'Port Kianna', 'Nicaragua', '1936-02-10', 'Autem dolore cum placeat voluptatum cupiditate molestias excepturi. Omnis quia quis iusto aut dolorum laboriosam commodi. Beatae rem aut nemo. Aut vitae quidem sint ipsa nemo corrupti.', 'Dutch'),
(3833, 'Janae', 'Shanahan', 'Hammesburgh', 'Sweden', '1933-05-23', 'Porro sed laudantium possimus sint minus. Accusantium nemo iusto omnis totam quo quos tenetur. Sequi quia quia dignissimos quod repellendus ipsa molestiae. Inventore sit dolores ducimus consequatur qui est voluptatem. Libero enim accusantium in doloribus voluptatibus et vitae.', 'Afghan'),
(7392, 'Lindsay', 'Harvey', 'East Lafayette', 'Somalia', '1999-01-08', 'Debitis quo est sunt ut ad voluptas. Laborum incidunt quos nulla nihil. Reprehenderit enim qui voluptates quae.', 'Equatorial Guinean');

insert into genre(genre_id, genre_name, genre_descr) values
(1585, 'Humor', 'Eos sed enim officiis dolore. Omnis consectetur fugiat fugiat iusto at ipsum modi. Omnis dicta quo explicabo aliquid qui quasi.'),
(259, 'Reference book', 'Unde nesciunt optio. Ut earum et est. Perspiciatis magni occaecati quis repellendus odio fugit velit. Corporis in a nam facere reiciendis reprehenderit.'),
(4111, 'Science fiction', 'Ullam harum deleniti veritatis. Doloribus earum rerum aut explicabo autem qui assumenda. Sit quaerat temporibus nulla quos. Eaque vitae eaque.'),
(3317, 'Comic/Graphic Novel', 'Dolor sint nesciunt. Autem voluptatum tempore dolorem voluptas voluptas incidunt aut. In laboriosam est. Dolor eos consectetur saepe voluptas reprehenderit tempore. Quis temporibus quia esse repudiandae voluptas quis.'),
(7575, 'Metafiction', 'Quos officiis porro aut magni rerum quas sed. Fugit nam aspernatur itaque qui saepe consequatur deserunt. Nobis accusamus dolorem et. Et rem accusantium quo quaerat et.'),
(8149, 'Suspense/Thriller', 'Nobis repellendus sint iste rem nemo odio. Maiores dolorum est. Debitis in in. Molestiae atque quod. Ex incidunt dolores.'),
(4345, 'Tall tale', 'Quo dolorem non amet necessitatibus doloremque qui. Dolorem minus laborum voluptatem nobis eum nostrum repudiandae. Eaque doloremque expedita vero. Possimus omnis necessitatibus eum.'),
(3292, 'Essay', 'Voluptatem illum possimus. Modi repudiandae vero et qui aut soluta cumque. Sint quod voluptatibus quae. Et quibusdam esse deserunt esse dicta veniam.'),
(4317, 'Western', 'Nam mollitia facilis nemo eaque nostrum dolorem voluptas. Et ut et porro. Ut pariatur facere nulla beatae. Laborum consequatur facilis deleniti laudantium mollitia. Quam numquam repudiandae itaque et in aut eos.'),
(237, 'Classic', 'Ut impedit cumque sint totam esse. Vel quisquam ab et in eligendi sed. Omnis aliquam esse accusantium. Vero aliquam quaerat voluptatem. Accusantium natus molestiae quisquam enim iusto reiciendis.'),
(9477, 'Fiction narrative', 'Dolor non accusantium sunt aliquid voluptates suscipit tempora. Atque minus et. Et cumque quam quo.'),
(8311, 'Mystery', 'Et quidem cumque magni molestiae cumque. Consectetur est numquam sunt sed dolorem facilis. Sequi ut asperiores dicta facere.'),
(2593, 'Mythopoeia', 'Est temporibus enim sapiente necessitatibus consequatur. Veritatis dignissimos numquam necessitatibus neque cum distinctio. Ut ea non reiciendis aut consequatur corrupti. Quisquam possimus sed.'),
(5327, 'Legend', 'Id quia voluptas placeat rerum non est saepe. Quibusdam veritatis reprehenderit. Qui corporis optio eveniet. Amet voluptatem amet ut molestiae rerum. Qui cupiditate debitis.'),
(528, 'Horror', 'Iste inventore labore in velit. Eius sit omnis suscipit dicta sed aperiam et. Dolorem id eveniet consequuntur. Quibusdam et ut itaque sed ut. Nostrum ut at ut repudiandae.');

insert into book (book_id, book_name, book_language, book_descr, book_height, book_length, book_width, page_count, publication_year, author_id, genre_id) values
(3571, 'Quaerat voluptatem eum et', 'armenian', 'Similique et laudantium porro est. Earum magni est quae unde et similique corrupti. Est assumenda dolor quae. Cumque suscipit suscipit. Temporibus ex quas sit.', 6.9, 1.9, 31.9, 712, 2014, 9715, 4111),
(2155, 'Quos qui rerum', 'polish', 'Aliquid quo deserunt. Delectus ut quo ut natus. Doloribus numquam et et neque.', 6.9, 4.2, 28.4, 465, 2004, 3935, 3317),
(9714, 'Aliquid assumenda reprehenderit', 'polish', 'Consequatur perspiciatis deserunt optio hic. Odio omnis pariatur consequatur neque facilis. Autem sequi facere quae culpa.', 34.6, 1.6, 19.7, 336, 1976, 5169, 2593),
(6833, 'Et perferendis voluptatem', 'english', 'Unde qui labore vel. Illum nemo quisquam qui quia consequatur sed. Voluptas incidunt accusantium. Ut natus quia tempora ea quia. Nobis autem repudiandae autem temporibus.', 24.4, 3.7, 22.5, 501, 2003, 6119, 237),
(7643, 'Et sunt recusandae', 'chinese', 'Deserunt aliquid quia. Possimus laudantium quis earum est. Voluptates eos voluptatem architecto ut laudantium. Hic quaerat earum expedita.', 31.3, 1.6, 12.3, 598, 1984, 541, 237),
(6975, 'Earum voluptates neque', 'chinese', 'Et labore sed alias et possimus error. Aut et eligendi ex molestiae non quae voluptas. Nostrum voluptate itaque qui voluptate recusandae alias ipsam. Commodi eum praesentium.', 16.1, 2.6, 22.0, 63, 1974, 9132, 237),
(7219, 'Qui qui voluptatem temporibus', 'farsi', 'Asperiores ratione quod dignissimos esse ipsa. Eius rerum reiciendis. Aut nihil nostrum culpa esse.', 18.7, 4.2, 15.4, 821, 1977, 2580, 1585),
(9023, 'Veniam autem hic', 'urdu', 'Consequatur est est eum quo praesentium doloribus. Aliquid aut voluptatem incidunt voluptatem. Doloremque enim ut autem.', 27.8, 2.2, 8.0, 262, 1984, 1280, 9477),
(5660, 'Expedita laboriosam voluptatum', 'croatian', 'Provident ut modi nobis quisquam aut earum vel. Dignissimos inventore numquam necessitatibus id ut officia fugit. Qui eaque dolorum ex praesentium voluptatum voluptatem quas. Quae ut error.', 32.0, 3.6, 14.5, 665, 1976, 8365, 3292),
(9214, 'Optio iste vel incidunt', 'belorussian', 'Quasi et quos facilis voluptate omnis. Et non in quasi animi nostrum. Dolor beatae totam repellendus voluptatem.', 13.4, 3.6, 11.2, 451, 2011, 9368, 237),
(3133, 'Nobis saepe provident', 'chinese', 'Aut blanditiis numquam quod. Recusandae dolorem necessitatibus inventore ea sit dolorem exercitationem. Expedita consequuntur in et officia eos. Atque quo nam eos aut iure reiciendis nihil.', 9.8, 4.2, 29.2, 854, 1976, 2236, 2593),
(1833, 'Et omnis qui', 'spanish', 'Accusantium distinctio quis voluptatem dolor. Ea porro sit unde. Non adipisci eius eum.', 9.2, 2.3, 18.8, 603, 1980, 9340, 2593),
(6757, 'Occaecati veritatis repudiandae ut', 'urdu', 'Est fuga architecto esse. Pariatur aspernatur sunt quo dolor. Maiores quia quisquam qui aliquid sit facere dolorum.', 32.0, 1.3, 33.1, 362, 1986, 9715, 237),
(106, 'Sint ratione illum placeat', 'portuguese', 'Beatae et aperiam ipsa vel. Aliquam quae neque animi dignissimos at. Laudantium aut magni repellat mollitia aut iure.', 32.1, 3.5, 23.5, 763, 2003, 7671, 237),
(6136, 'Ad impedit eaque', 'armenian', 'Non aspernatur ut et officia qui accusamus corrupti. Quo dolore dolores. Pariatur nihil non rerum. Officiis harum eum dolore aut.', 18.1, 4.4, 28.9, 484, 2014, 748, 4111),
(2580, 'Iste facere amet', 'farsi', 'Rerum autem eum inventore modi. Occaecati est porro. Ad qui quia. Explicabo doloribus dolor rerum magni sed.', 13.1, 1.8, 21.8, 175, 1993, 7469, 4317),
(411, 'Assumenda qui voluptatum', 'chinese', 'Qui praesentium facere expedita rem voluptatum accusantium ipsa. Facere maxime excepturi et sint et similique. Illo quia amet dolores ullam. Minima corporis numquam.', 23.2, 1.1, 15.6, 923, 1980, 7030, 1585),
(5877, 'Accusamus eum omnis voluptatem', 'spanish', 'Et qui sunt voluptate. Quia culpa autem a. Sit alias doloremque culpa dolorum et.', 18.1, 2.1, 31.9, 262, 1997, 6805, 259),
(6131, 'Vel eaque impedit', 'russian', 'Cumque esse nihil alias aut soluta. Debitis rerum dolor alias. Officia laboriosam blanditiis asperiores illum labore dolor ratione. Ea ex sint numquam corporis. Nemo rerum maxime modi repellat quas modi.', 8.1, 1.6, 22.9, 241, 1972, 5428, 4111),
(5929, 'Ipsum sed nam', 'portuguese', 'Harum dolor ratione et. Adipisci possimus ex. Suscipit sapiente porro nostrum.', 16.6, 3.9, 24.7, 55, 2015, 6173, 237),
(2051, 'Temporibus pariatur hic fuga', 'english', 'Cum voluptatem culpa voluptatem ex sit corporis. Eaque modi velit in mollitia non. Tenetur voluptatem et dolores magnam possimus aspernatur tempore. Non sed beatae reiciendis ipsam. Id vel fugit omnis quis optio libero temporibus.', 10.6, 4.9, 26.6, 108, 2013, 5905, 4345),
(8886, 'Aut corrupti ad in', 'arabic', 'Velit iusto praesentium nemo non. Quam quisquam non. Adipisci perferendis voluptate atque assumenda quam perspiciatis. Odit eos maxime. Ratione natus dignissimos possimus quod consequuntur.', 13.9, 2.1, 15.4, 549, 1995, 7671, 528),
(7163, 'Quo autem sit dolores', 'chinese', 'Adipisci aliquid iure nemo et consequatur. Ducimus enim est omnis optio in expedita. Reiciendis omnis laborum laborum.', 11.2, 2.1, 15.1, 263, 2006, 9658, 237),
(4342, 'At nesciunt repellat', 'russian', 'Odit cupiditate sit. Sapiente possimus nostrum possimus odit voluptatem minima reiciendis. Beatae et voluptate.', 32.4, 2.7, 30.4, 428, 2010, 7473, 4317),
(3074, 'Repellat commodi praesentium', 'english', 'Consequatur perferendis error. Architecto veniam corrupti quae vitae minima quam. Assumenda qui placeat temporibus aspernatur id recusandae ut.', 6.4, 4.8, 29.4, 806, 1975, 6119, 4345),
(2621, 'In esse voluptatem laborum', 'english', 'Est ut ut totam id officiis. Consequatur voluptatem recusandae cupiditate minima occaecati. At nisi atque facere ullam. Laboriosam soluta explicabo porro alias omnis.', 33.0, 3.5, 7.6, 14, 1999, 6279, 8149),
(630, 'Excepturi numquam maiores reiciendis', 'ukrainian', 'Expedita et enim ipsum qui qui sed. Rem id sed sed. Et non porro fugit voluptates quam perspiciatis et. Sequi in qui qui. Ullam dolores qui nemo quod qui rem.', 19.6, 2.9, 12.6, 227, 1978, 9340, 7575),
(8169, 'Incidunt et natus autem', 'spanish', 'Sint facilis doloribus. Tempora voluptatem quis porro blanditiis et a reprehenderit. Molestias omnis explicabo veritatis atque delectus magni.', 26.6, 3.0, 11.3, 626, 1995, 148, 237),
(3520, 'Itaque at ut laborum', 'english', 'Qui quia est inventore omnis. Architecto ab soluta. Ratione voluptatem rerum. Unde neque rerum aut et nihil est. Est deserunt sapiente porro.', 24.4, 1.9, 34.5, 766, 2008, 4001, 3317),
(3318, 'Voluptas illum voluptatem', 'polish', 'Beatae laboriosam veniam odit sapiente. Consectetur eaque qui a et ducimus minus facere. Reiciendis consequatur ab voluptatem velit et.', 21.0, 3.1, 34.2, 567, 1977, 3935, 1585),
(5348, 'Autem et asperiores', 'armenian', 'Eaque aut praesentium. Ut doloribus iste inventore et cum. Aliquam excepturi enim beatae quo natus id temporibus. Maiores consectetur quis. Quas repellat est.', 22.1, 3.5, 33.9, 954, 1992, 9658, 3317),
(2208, 'Vel amet dolorum', 'polish', 'Aut qui est. Illum eos aut neque. Eum eaque nisi ab.', 33.5, 4.3, 18.9, 47, 1993, 7671, 4111),
(8778, 'Nihil similique totam', 'spanish', 'Natus eum et asperiores ratione unde expedita totam. Sit velit voluptatem voluptatem repellendus sapiente non. Ut fugiat vel recusandae sapiente. Est sit exercitationem. Repudiandae nesciunt eum illum voluptatem harum laboriosam numquam.', 23.4, 2.3, 8.0, 606, 1972, 9368, 4317),
(5854, 'Aut excepturi omnis qui', 'farsi', 'Et vero cupiditate pariatur aut aut ut. Aut expedita sequi aut qui occaecati at saepe. Aliquam consequuntur quidem explicabo molestias non. At laboriosam necessitatibus. Illum dolorem veritatis voluptatum eos rerum.', 25.1, 1.3, 16.1, 553, 1985, 541, 259),
(8684, 'Amet eaque tempore', 'urdu', 'Ipsam odit voluptatem soluta nihil. Totam quia quia nobis aut debitis. Corrupti velit et. Veniam laboriosam velit ratione recusandae iusto fugit.', 29.4, 4.3, 17.9, 17, 1997, 6743, 8149),
(4130, 'Sed asperiores a quam', 'polish', 'Eos alias est et veniam perferendis ut ut. Labore dolor voluptatem veritatis consequatur. Enim temporibus voluptatem vel a et iure et.', 9.0, 2.5, 8.0, 221, 2016, 541, 1585),
(9366, 'Deserunt perferendis qui', 'urdu', 'Repellendus unde quas. Dignissimos culpa laboriosam et nostrum explicabo molestiae animi. Commodi sapiente quas maxime magnam quasi dolor praesentium. Reprehenderit nemo et.', 6.4, 3.6, 34.6, 780, 2006, 7036, 1585),
(712, 'Ut occaecati rerum qui', 'chinese', 'Excepturi magnam et necessitatibus qui. Sapiente illo officia molestias maxime. Ducimus dolorem est. Qui quia non consequatur ullam occaecati. Corporis porro fuga qui totam quasi.', 15.2, 3.3, 15.7, 651, 2003, 5428, 4317),
(352, 'Numquam veritatis fuga', 'armenian', 'Similique maxime doloribus doloribus. Ut optio qui voluptatem corporis. Quae provident autem ex quo. Et id voluptatem earum. Ea optio assumenda illo id earum et.', 14.5, 2.5, 20.9, 351, 1993, 748, 8149),
(5249, 'Magnam voluptatibus recusandae', 'polish', 'Voluptatem nobis ut. Aut eligendi laboriosam consequatur corporis rerum hic aut. Et consequatur nisi nobis.', 30.3, 3.1, 16.6, 345, 1994, 1993, 4111),
(3165, 'Quibusdam nobis mollitia sunt', 'belorussian', 'Ut sit exercitationem autem mollitia. Modi tempora id iusto. Id inventore et.', 22.0, 1.8, 10.4, 267, 2017, 9015, 8311),
(910, 'Ullam culpa molestias', 'urdu', 'Voluptatem voluptatem esse. Sint tempora incidunt natus id sed. Rerum odio in facilis in vel. Repudiandae pariatur ad natus.', 21.1, 3.2, 30.6, 33, 1970, 5682, 3292),
(837, 'Numquam numquam veritatis', 'farsi', 'Ex consectetur officiis est eum doloribus. Consequatur dolore ut. Harum recusandae temporibus. Omnis omnis harum omnis quasi tenetur et. Veritatis repellat earum quibusdam officiis beatae voluptatum.', 24.4, 4.5, 18.5, 477, 1976, 2580, 8149),
(2195, 'Qui iusto in autem', 'croatian', 'Quia ducimus mollitia accusantium. Ullam distinctio deleniti sapiente. Eligendi hic aut sint necessitatibus sit vero sunt.', 11.9, 2.2, 10.1, 167, 1979, 5682, 8149),
(9724, 'Temporibus rem sunt', 'english', 'Libero eaque et est aliquid eligendi. In quia qui cum qui soluta. Provident cumque architecto praesentium. Corrupti explicabo est. Dolores ea voluptates sunt eligendi iusto cumque.', 33.0, 2.9, 5.4, 369, 2002, 148, 3317),
(6069, 'Maxime aliquid nihil voluptates', 'russian', 'Nulla quia harum quod. Occaecati fuga harum temporibus occaecati. Magnam consequatur amet labore modi totam et. Quisquam eligendi esse. Eum quas in quia.', 26.9, 2.2, 24.9, 332, 1980, 4001, 4111),
(2518, 'Repellendus consequatur excepturi tempora', 'french', 'Quia in quasi. Quia itaque saepe quia facilis ea libero. Praesentium quod unde id provident dolores. Sunt enim ullam est odio voluptates consectetur. Numquam quos qui qui distinctio.', 9.4, 3.4, 28.7, 13, 1973, 5169, 3317),
(8697, 'Culpa perspiciatis et quo', 'belorussian', 'Voluptates eius dolorum labore autem. Necessitatibus unde maiores sed neque cumque rerum. Commodi aut doloremque ea. Ut molestiae aut sit rem quo. Aut culpa nihil ut ut quia rerum.', 5.6, 2.8, 13.6, 874, 1986, 3431, 8311),
(6768, 'Eos ducimus qui quis', 'french', 'Ratione quia soluta qui vitae eos. Animi alias quas consequatur quidem quod. Sequi hic dolor officiis. Omnis ipsam numquam repellendus vitae iure et qui. Sapiente velit architecto omnis voluptatibus porro qui perferendis.', 12.0, 2.0, 16.3, 898, 2002, 5600, 4317),
(7356, 'Aliquid autem aperiam', 'russian', 'Id dolorem quisquam ea. Quod aperiam voluptas consequatur quis. Harum at sapiente dolores. Sit nostrum alias. Dolor sunt in aperiam vitae eum non.', 29.4, 3.9, 24.0, 460, 2018, 6119, 4111),
(670, 'Praesentium omnis cumque rerum', 'arabic', 'Neque optio qui ratione assumenda. Voluptatem totam illo. Corporis doloribus tenetur culpa repellendus. Hic eaque est est voluptatem ullam mollitia voluptas.', 21.6, 2.6, 11.5, 819, 2004, 2236, 7575),
(6413, 'Inventore eos sed', 'english', 'Et ut at velit nesciunt impedit. Vel ipsa error error veritatis nihil autem magni. Consequatur est non. Nihil voluptatibus fugiat quae ad ut unde repellat. Quia exercitationem quia sed ut qui animi.', 30.8, 5.0, 6.1, 817, 1981, 7030, 237),
(5556, 'Quibusdam sit sit', 'polish', 'Et quia nemo a nesciunt beatae. Aut cupiditate omnis ipsam eligendi perspiciatis aut. Delectus vel itaque sint ex rerum asperiores. Sequi fugit quam vel debitis itaque. Id rerum vitae.', 28.9, 2.4, 13.0, 497, 2011, 7141, 1585),
(8500, 'Quia non rerum', 'croatian', 'Magni sapiente itaque enim aut. Sit sed consequatur temporibus consectetur. Ea ut qui possimus et optio ad dolorem. Tempora omnis qui.', 30.4, 2.8, 20.2, 776, 1992, 148, 4345),
(5978, 'Aliquam reiciendis ab', 'arabic', 'Corporis suscipit sequi et. Dignissimos sed maxime inventore facere corrupti accusamus. Delectus earum deserunt nihil et quisquam totam impedit.', 14.3, 2.6, 30.1, 948, 1990, 4001, 8149),
(5740, 'Laborum sit praesentium beatae', 'croatian', 'Rerum quasi quas consectetur ut. Libero et a debitis consectetur quidem. Est minima et cupiditate ut et. Hic dolore dolore ullam tempore.', 22.5, 4.3, 7.1, 585, 1997, 3431, 3292),
(4689, 'Sunt laborum in', 'arabic', 'Ea esse dolor omnis in mollitia recusandae. Officiis natus sunt quia neque dolorum omnis. Iure quia explicabo illo officia.', 19.7, 4.4, 17.2, 738, 2016, 2131, 4111),
(2697, 'Et officiis animi et', 'chinese', 'Est tenetur non est soluta. Fugit amet quis aliquam voluptate quibusdam et. Ipsum dolores sed. Dolore iusto quis.', 20.1, 2.5, 6.4, 247, 1970, 3493, 4345),
(9215, 'Est aut voluptas voluptas', 'belorussian', 'Molestias aut nam voluptas. Veritatis molestiae illo omnis et est odit quia. Dolore nulla quidem quia.', 22.4, 3.7, 5.2, 790, 1987, 5428, 528),
(1698, 'Aliquam incidunt et in', 'chinese', 'Non cumque sapiente velit. Magni dolorem delectus asperiores aut reiciendis illo recusandae. Nam quo placeat sint placeat voluptatem nihil.', 13.5, 1.1, 19.1, 641, 2015, 2580, 4345),
(4566, 'Esse qui beatae nihil', 'russian', 'Fugiat facilis ut deserunt suscipit corrupti autem sunt. Eum a omnis vitae repudiandae quos. Maxime vitae neque. Tenetur corrupti esse molestias officiis optio eos.', 23.7, 3.5, 31.6, 819, 2016, 7177, 5327),
(7644, 'Minima pariatur excepturi', 'farsi', 'Voluptatibus et et aut quibusdam suscipit. Rerum modi unde rerum in. Et et atque pariatur aut deleniti consequatur. Voluptates non nisi aut laudantium pariatur. Corporis neque dolore est expedita perferendis quod minima.', 17.9, 4.6, 33.1, 30, 2013, 9466, 259),
(532, 'Labore omnis explicabo sint', 'polish', 'Ut accusamus optio. Occaecati mollitia odio saepe nobis. At vel natus similique at quia architecto. Alias quia odit voluptas distinctio.', 20.2, 1.2, 32.3, 54, 2004, 7473, 4345),
(9583, 'Officiis dolorem maiores eius', 'french', 'Dolores harum quia. Sit suscipit qui commodi autem occaecati voluptatem. Et aliquid autem minus eveniet in omnis et. Est voluptatum tenetur est expedita dolorum cupiditate eveniet.', 17.8, 1.2, 27.4, 430, 2007, 3431, 1585),
(7315, 'Suscipit accusantium totam', 'farsi', 'Quisquam libero voluptates. Ipsum quis voluptatem cumque cumque voluptas. Aperiam consequuntur officiis quam mollitia harum.', 6.9, 4.5, 15.7, 287, 2008, 5600, 1585),
(3171, 'Ipsa voluptas atque enim', 'arabic', 'A ea sit sit magnam esse. Laudantium dolores ab accusamus qui dignissimos. Voluptatem consequatur nesciunt soluta. Laborum placeat et unde voluptas ipsa. Dicta et optio.', 19.6, 1.7, 17.0, 133, 1999, 9132, 528),
(2976, 'Accusantium facere odit qui', 'farsi', 'Nisi assumenda repellendus libero. Enim reiciendis voluptatem impedit in modi fuga ipsa. Accusantium ex cumque. Possimus recusandae dignissimos in iste hic consequatur alias. Et repellat asperiores et reprehenderit quibusdam.', 13.9, 3.2, 8.3, 342, 1972, 5428, 3292),
(1512, 'Blanditiis praesentium sed', 'portuguese', 'Nam minima necessitatibus autem sunt qui. Animi culpa maxime totam doloremque accusantium. Ut omnis laudantium impedit consequatur et. Eveniet nostrum a saepe facilis aut magnam. Est voluptatem ea aliquam autem dolor dolor.', 5.7, 4.0, 23.3, 556, 2015, 8029, 5327),
(4882, 'Labore ut qui quam', 'chinese', 'Tempora quia et quaerat nostrum autem qui. Eos et voluptas maxime. Sunt praesentium et odit necessitatibus quia. Aut nam rerum amet aut quas. Repellendus recusandae consequuntur ipsum debitis numquam.', 26.7, 4.9, 32.0, 326, 1992, 2580, 8311),
(6540, 'Libero dicta nihil', 'french', 'Qui voluptatem occaecati velit et. Eum pariatur magni praesentium est. Totam error et facilis similique blanditiis est. Maxime temporibus et exercitationem inventore consequatur cumque impedit.', 10.4, 1.9, 21.9, 611, 1987, 6743, 4345),
(957, 'Tempore architecto omnis', 'english', 'Officia dolorem tempora quia fugiat odit. Consequatur qui voluptatem beatae voluptates ut perferendis. Est laborum sint non optio sed.', 13.3, 3.0, 17.8, 521, 1984, 1280, 2593),
(1221, 'Et voluptates eius', 'urdu', 'In debitis aut. A ipsa architecto. Optio placeat reiciendis ut et. Ratione ut dolorem quidem et.', 20.1, 2.9, 33.1, 630, 2001, 9768, 4345),
(8423, 'Tempore ab nemo veritatis', 'portuguese', 'Blanditiis in voluptatem autem accusantium numquam minima. Laboriosam ea perferendis quas. Qui aut officiis sequi illo aut ut. Earum esse voluptates mollitia sed.', 14.2, 4.5, 17.3, 382, 2005, 6805, 528),
(153, 'Numquam voluptate dicta', 'german', 'Et impedit nihil occaecati nobis amet ratione. Consectetur in qui a itaque praesentium tenetur. Quo odit repellendus veritatis. Fugit sed architecto ut nam occaecati. Adipisci ipsam id soluta qui.', 31.8, 1.7, 33.8, 773, 1978, 9132, 4111),
(3388, 'Sed voluptatibus omnis nihil', 'croatian', 'Ex nostrum omnis sed provident. Voluptas inventore placeat. Minima et in suscipit inventore eum. Deleniti et temporibus dolore. Similique dicta numquam magni ullam fugit quod.', 15.6, 4.6, 10.6, 164, 2003, 4462, 3317),
(84, 'Sint occaecati nostrum sit', 'armenian', 'Corporis officia et error nostrum ea. Nostrum qui excepturi. Consequuntur dolorum impedit quia quia dolores.', 6.6, 1.3, 8.2, 630, 2000, 9466, 3292),
(8551, 'Laudantium harum dolor ipsum', 'ukrainian', 'Quo qui reiciendis quibusdam officia. Consequuntur quo quidem sed aut. Ab quisquam eius quisquam. Est explicabo natus unde accusantium voluptas rerum doloremque.', 14.0, 1.9, 23.9, 133, 2005, 7036, 4111),
(3192, 'Culpa deserunt voluptas', 'french', 'Quis et id qui unde qui eos. Autem minus quae aut at quasi et blanditiis. Veniam sint qui nostrum.', 21.9, 2.3, 18.3, 208, 1990, 7392, 8149),
(5302, 'Laboriosam non quibusdam', 'russian', 'Consectetur totam consequatur. Blanditiis voluptas porro occaecati fugit. Facere qui soluta nulla quis aut. Iste dolorum vitae dolorem molestiae et nulla.', 15.9, 2.1, 6.3, 550, 2000, 5169, 237),
(3964, 'Enim et rerum', 'english', 'Nisi et eos alias. Sed fuga vero delectus placeat quo. Eaque alias illum non architecto dolores. Quibusdam voluptas nemo magnam. Qui ad totam occaecati nihil sint debitis.', 19.2, 3.5, 8.1, 298, 1991, 3286, 259),
(1732, 'Quisquam omnis odit voluptates', 'belorussian', 'Fugit voluptatem odit similique. Ut consequatur earum id. Officiis voluptas praesentium incidunt dignissimos.', 34.4, 4.8, 16.9, 26, 2008, 7392, 7575),
(3156, 'Est omnis sunt nulla', 'spanish', 'Hic ducimus dicta nostrum quaerat. Et nihil sequi suscipit autem. At praesentium vero beatae alias totam. Voluptas rem quia odio omnis voluptatum voluptatem sed. Blanditiis ipsam velit sunt.', 28.6, 1.0, 12.8, 113, 2010, 5428, 8149),
(403, 'Ipsam veniam iure', 'polish', 'Incidunt quas quia. Ut enim ex non. Ipsum ut sit tempore ut et et adipisci. Ea qui et dolorum veniam sapiente vitae. Officiis voluptate odit.', 28.8, 4.1, 13.3, 121, 2001, 5905, 8149),
(6316, 'Earum dolorum sunt', 'arabic', 'Inventore vitae qui quidem. Et et voluptatum quis ut et doloribus. Similique possimus autem voluptatem facere et. Nulla repellat voluptatum non.', 16.6, 2.7, 6.4, 519, 2010, 4001, 259),
(5210, 'Animi totam aliquid', 'english', 'Provident sint suscipit ab provident praesentium ut. Omnis deleniti inventore natus odit. Nisi qui aut.', 19.4, 1.3, 27.1, 695, 2015, 7469, 8311),
(8289, 'Possimus exercitationem quisquam', 'german', 'Est ut sunt. Laudantium eos a tempora. Recusandae molestias laboriosam est et voluptatem magnam porro. Rerum magni est aut id.', 11.1, 4.9, 26.5, 302, 1993, 7030, 2593),
(111, 'Nulla maxime quibusdam dicta', 'portuguese', 'Ut non voluptate tempora porro corporis minus. Omnis earum velit natus nulla repellat. At ducimus qui incidunt cupiditate quia.', 15.9, 2.3, 15.6, 894, 1992, 9340, 8311),
(6690, 'Perferendis quasi est at', 'polish', 'Ut adipisci dolor quod. Non eveniet similique ut blanditiis modi. Totam vero dolores qui perferendis doloribus dolores.', 29.4, 1.1, 12.8, 163, 1970, 2236, 528),
(9146, 'Modi quia dolorem quia', 'english', 'Nostrum voluptatem recusandae est autem voluptatibus. Voluptatem illo animi et. Temporibus velit et voluptatem. Nisi fugit eum non totam. Earum rerum ut et ratione exercitationem sit cumque.', 18.7, 3.1, 16.0, 451, 2015, 8029, 8311),
(7419, 'Dolor corrupti est', 'russian', 'Esse architecto reiciendis cum ut et aspernatur. Sit odit qui sunt et dolorum. Necessitatibus repellat ea. Beatae quia accusamus perferendis.', 5.7, 1.2, 18.4, 32, 2018, 7036, 528),
(6015, 'Error et cum', 'ukrainian', 'Et est dolor quis corrupti. In illum quod. Sed ullam expedita officia. Dolor perspiciatis repellat maiores quo.', 22.8, 2.7, 15.7, 808, 1981, 7473, 4317),
(130, 'Dolorum necessitatibus debitis', 'belorussian', 'Adipisci asperiores tempora facilis. Nihil voluptate saepe molestias. Consequatur ab est.', 15.7, 4.8, 18.6, 858, 2005, 3493, 3317),
(5963, 'Soluta rerum ratione fugit', 'farsi', 'Adipisci ut molestiae cumque. Expedita sit officia sit rerum omnis voluptatum eius. Ut labore iste ut et voluptatibus sed eaque. Architecto et debitis rerum amet qui non nostrum. Quasi qui nostrum id debitis aut.', 27.3, 4.7, 22.1, 480, 1999, 1280, 4345),
(4023, 'Cum recusandae nihil', 'chinese', 'Sequi est occaecati voluptas omnis quia labore. Architecto debitis maxime tempora saepe quia nisi ad. Illum et neque veniam sit qui. Sequi optio quaerat ratione non quis.', 12.4, 3.8, 28.2, 537, 1986, 4001, 259),
(2323, 'Et quo impedit veniam', 'russian', 'Non officiis eum beatae at culpa. Neque provident totam ullam. Dolorem sed id est expedita sequi qui rerum.', 28.7, 1.7, 23.9, 302, 1997, 9368, 5327),
(5941, 'Voluptas sit et', 'german', 'Aut porro veritatis repudiandae non sit voluptas. Est a quia eos nemo qui soluta a. Enim vero sed earum vel et.', 33.7, 1.4, 33.8, 909, 2001, 6173, 3317),
(9144, 'Tenetur ut accusantium', 'spanish', 'Aliquam iste error dolores. Ratione aut magni numquam corporis nam natus cumque. Dolorem repellendus omnis. Dolor distinctio soluta sit eos autem fuga totam.', 13.0, 2.5, 19.1, 388, 2009, 148, 237),
(1919, 'Et magnam et', 'ukrainian', 'Nam ut eos voluptate beatae et laudantium aut. Magni laboriosam iusto a consequatur corrupti ex. Nihil ipsam corporis aut est. Nesciunt laudantium sit consequatur ducimus velit.', 10.7, 4.7, 33.2, 806, 1991, 4462, 7575),
(797, 'Aliquam quia id et', 'belorussian', 'In et id dolores iure. Deleniti odio et sint accusantium numquam cupiditate. Accusantium rem quia amet.', 27.6, 2.9, 17.6, 194, 1994, 7392, 4111),
(1189, 'Illum soluta aspernatur voluptas', 'arabic', 'Autem consequuntur quod esse libero et. Harum sit quos magni. Quia atque aut porro.', 30.9, 4.8, 31.0, 853, 1985, 3935, 237),
(4638, 'Ut quo delectus aliquam', 'chinese', 'Sed cumque temporibus quidem aliquid doloremque officiis cumque. Delectus ipsam dolores tempore corrupti in natus rerum. Odio doloremque et fuga qui qui. In asperiores et quia aut et qui impedit. Impedit id voluptas aliquam quasi.', 21.1, 3.0, 8.7, 430, 2011, 8593, 4345),
(2745, 'Accusantium inventore qui', 'english', 'Dolorem commodi sunt et voluptatum quia sunt. Sed quis quia atque ipsam et magni ducimus. Sunt dolor quisquam cupiditate architecto.', 14.6, 4.2, 24.6, 960, 1986, 2131, 9477),
(9201, 'Cupiditate cum nemo odio', 'belorussian', 'Recusandae quisquam non cum omnis ab omnis. Corporis quia possimus totam dolore. Delectus sed omnis qui unde. Est repudiandae omnis. Numquam incidunt enim quod.', 8.4, 4.0, 29.9, 369, 1990, 9466, 4345),
(4642, 'Voluptas iusto nostrum', 'german', 'Fugit iste sit consequatur ab deserunt. Commodi molestias et ut aliquid dolores deleniti. Consequuntur atque a consequuntur omnis veritatis cumque. Id repellendus id qui dolore ut omnis quos. Quia dolorem est numquam itaque doloribus asperiores.', 12.9, 2.1, 21.3, 395, 1977, 6173, 3317),
(4552, 'Sapiente accusamus eos', 'urdu', 'Nobis ipsum aut ratione et qui optio. Asperiores voluptates impedit aut ut ipsam. Ut nobis nihil delectus deserunt reprehenderit adipisci. Voluptatum perferendis omnis ipsum rerum sed iste natus.', 7.1, 4.8, 21.3, 460, 1976, 9132, 8149),
(1150, 'Laborum asperiores sapiente', 'urdu', 'Quam dolorem libero nulla. Odio et quis aut deleniti. Quo ut qui neque perspiciatis. Nam iste rem et quaerat ducimus qui tenetur.', 18.4, 3.5, 19.9, 53, 1971, 8365, 3317),
(2094, 'Et delectus fuga', 'farsi', 'Facilis qui placeat adipisci qui rem harum quidem. Dolorem ducimus sit hic sunt. Quidem est deserunt autem exercitationem.', 32.2, 2.1, 22.3, 866, 1981, 5905, 2593),
(771, 'Quia ratione quas', 'belorussian', 'Ut voluptatibus autem id ducimus commodi et labore. Dolores aliquid saepe. Est ut qui ducimus molestiae. Eligendi quos quas omnis nostrum facilis laborum voluptatem.', 18.3, 2.5, 9.9, 658, 1989, 9658, 259),
(8950, 'Qui quisquam aut a', 'chinese', 'Incidunt eius quaerat in sapiente deserunt optio. Voluptate qui est asperiores labore. Voluptate vero omnis quia nostrum et.', 23.0, 1.6, 14.8, 482, 2001, 1876, 8311),
(4437, 'Eaque vel voluptas natus', 'spanish', 'Aspernatur eius voluptatum nihil minus. Ea rerum in. Ea esse provident ipsam consectetur. Provident in quia totam suscipit quod. Suscipit atque magni consequatur voluptatem beatae.', 21.0, 2.2, 6.9, 852, 1985, 3221, 3292),
(4352, 'Sed tempora suscipit reiciendis', 'ukrainian', 'Molestiae quam facilis ex et repudiandae. Accusantium tenetur impedit asperiores. Iure alias porro incidunt. Est repellat voluptatem consequatur animi molestiae.', 19.1, 2.9, 33.7, 293, 2010, 4462, 3292),
(9479, 'Sint et rerum nihil', 'portuguese', 'Officiis quis doloribus. Esse fugit qui commodi fugiat dolore. Ut fuga voluptas voluptate quibusdam corporis. Est dolore eum quaerat tenetur repellat iste. Et dolore quis consequatur praesentium est sint nesciunt.', 7.5, 1.9, 20.4, 335, 1976, 7392, 3292),
(3670, 'Dolor est voluptas', 'arabic', 'Quia odit ea sequi odio quo. Est molestias id deleniti. Vero nobis ullam ea nisi earum enim. Deleniti aliquam quo.', 18.4, 4.2, 23.8, 64, 2008, 3325, 237),
(3528, 'Quae architecto sit sed', 'urdu', 'Aut ea libero omnis repellendus. Ducimus qui et tempora aperiam. Quis qui nihil rerum ipsa soluta eaque odio. Nulla et nam.', 24.7, 1.7, 21.0, 341, 2012, 2945, 259),
(6213, 'Earum reprehenderit est', 'polish', 'Unde atque maxime fugit. Placeat accusamus quia iste molestias blanditiis. Enim exercitationem est est. Dolores qui aut quia. Tempore et ea et a perferendis.', 28.5, 1.3, 20.9, 933, 1995, 1876, 8311),
(6714, 'Iure et eius', 'german', 'Tenetur possimus delectus quia maxime. Iusto illum quia perferendis ex recusandae rem. Aliquam nobis earum.', 32.8, 1.6, 24.5, 28, 2013, 3935, 2593),
(745, 'Dolorem qui sunt minus', 'german', 'Iste qui quos ex incidunt aperiam adipisci aut. Perspiciatis et perspiciatis incidunt dignissimos voluptatem. Quia repellat quisquam autem adipisci.', 22.1, 4.7, 16.9, 315, 2007, 2131, 259),
(1621, 'Ea laborum et', 'russian', 'Officiis veniam distinctio omnis dolore ex. Vel ipsam delectus et et sit omnis eveniet. Enim ducimus doloribus. Quis quisquam a voluptas veniam est asperiores. Eum aspernatur praesentium vel.', 32.0, 3.7, 10.1, 297, 1998, 7030, 3317),
(3261, 'Id nihil esse blanditiis', 'english', 'Omnis distinctio ratione expedita aspernatur qui optio aut. Necessitatibus aut unde voluptas et dolore impedit odit. Alias est iste perferendis nostrum.', 8.6, 3.8, 33.0, 429, 1976, 3325, 237),
(8788, 'Inventore eum praesentium', 'urdu', 'Est neque qui consequatur dolorem aperiam. Dolor sunt occaecati quaerat eum. Numquam architecto quos accusantium minus at facere assumenda. Velit animi assumenda culpa quia nemo.', 9.5, 2.2, 10.4, 528, 2017, 7671, 3292),
(3083, 'At consectetur sit', 'french', 'Alias esse nemo voluptatem alias veritatis et ipsum. Reiciendis odio ad dolore quasi atque voluptates. Officia illo fugiat alias repellendus aut. Dignissimos iusto soluta.', 13.6, 4.8, 33.5, 503, 1981, 7141, 8149),
(3679, 'Deleniti veniam eum', 'spanish', 'Laudantium est fuga tenetur voluptas. Rerum laboriosam labore vitae. Minus placeat temporibus amet aliquam delectus dolores. Iusto et ipsum ad est sit dolor. Non expedita molestias ea dolor in.', 21.3, 2.9, 5.8, 843, 1996, 6805, 8311),
(4185, 'Iste iusto dolorem est', 'ukrainian', 'Et praesentium voluptas nemo ducimus qui a enim. Illo cumque quibusdam alias dolores et unde. Quae ex quas et sunt animi voluptas molestiae.', 23.5, 1.1, 28.0, 626, 1984, 9646, 8311),
(1409, 'Qui sed officia', 'french', 'Nihil cumque eius animi ut unde illo quas. Optio dolorem possimus et qui. Earum non aut aut odit aut minus necessitatibus. Impedit nulla molestiae veritatis eius non iusto.', 26.7, 3.9, 27.7, 551, 1977, 2580, 7575),
(3544, 'Repellat esse distinctio', 'portuguese', 'Explicabo ipsa ipsum officiis velit. Ut aut unde eos deserunt ut. Corporis perferendis sit sapiente quo sunt. Nesciunt aut sed quia. Sequi nemo temporibus qui doloremque.', 31.7, 1.3, 20.5, 358, 1977, 1993, 8311),
(1570, 'Autem corrupti minus', 'arabic', 'Incidunt sed dicta voluptas. Dicta minus odit iste. Accusantium debitis ut vel at doloremque. Et molestiae delectus voluptatem est minus explicabo id.', 7.9, 1.4, 27.8, 543, 1976, 1876, 8149),
(9317, 'Magni asperiores voluptatibus sed', 'german', 'Enim cum magnam sunt culpa quia architecto. Veritatis eum eos culpa. Sint voluptas aspernatur pariatur ad voluptatem quas. In molestiae facere non dolores et magni.', 5.1, 2.3, 25.6, 752, 2014, 7392, 4345),
(1103, 'Dolores est sint sed', 'chinese', 'Laudantium nesciunt doloremque est debitis similique voluptatum. Consectetur occaecati porro. Quam id iusto quae rerum.', 24.6, 3.3, 26.4, 433, 1987, 7141, 237),
(7216, 'Numquam rerum quae', 'portuguese', 'Quam error illum. Quod reiciendis eaque et rem error ut qui. Ipsum aliquid voluptatum facere. Et qui laborum vel ut ut iusto quisquam. Provident libero ducimus.', 14.5, 4.6, 26.8, 403, 1999, 3833, 9477),
(6735, 'Reprehenderit eaque error', 'english', 'Recusandae quia ducimus vel accusamus. Aut molestias consequatur accusamus dignissimos ad labore. Non cupiditate omnis at. Adipisci sunt iusto. Sint quisquam quisquam dicta sunt ratione et.', 26.3, 3.6, 18.6, 609, 1984, 5600, 2593),
(707, 'Vitae aut optio eius', 'farsi', 'Laudantium aut quos sit ut repudiandae totam. Architecto nihil cumque atque adipisci consequatur explicabo in. Ab aut explicabo rerum. Qui ut et. Voluptatibus beatae aliquid enim dolorem sed delectus.', 27.3, 4.0, 6.8, 69, 1989, 8029, 8149),
(1469, 'Laboriosam maxime officiis', 'portuguese', 'Suscipit asperiores debitis aut quia. Ab quidem ipsum consequatur. Animi ea iusto dolores dignissimos iusto totam molestias.', 9.3, 3.6, 10.2, 797, 2010, 1993, 7575),
(2375, 'Labore pariatur dolor', 'german', 'Numquam voluptatem aliquam repellendus qui vitae. Illum qui voluptatem. Officiis recusandae reiciendis nihil. Quisquam expedita et ut. Ut similique eum rerum expedita sit sit iste.', 27.4, 3.6, 20.2, 275, 1994, 9466, 5327),
(67, 'Voluptatem nesciunt inventore', 'ukrainian', 'Temporibus ullam atque earum consequuntur. Et ipsa nostrum eum iure ea tenetur. Expedita sequi accusamus aut eaque nobis in commodi. Suscipit provident minus soluta eligendi.', 14.8, 3.1, 30.1, 805, 1997, 2131, 528),
(770, 'Tempora non numquam doloribus', 'russian', 'Ut dolorem fuga. Ad aut eius commodi et sapiente veniam. Et sint in repudiandae. Quo ad accusamus. Dolorum dolores quibusdam quo.', 15.5, 1.9, 7.3, 494, 1999, 3935, 2593),
(1915, 'Ut commodi doloribus', 'ukrainian', 'Fugiat debitis tempora reprehenderit qui eum assumenda dolore. Commodi ut quis. Omnis rerum eius quo. Totam ab voluptatem est eveniet.', 19.2, 1.5, 11.5, 789, 1979, 7036, 3292),
(6588, 'Ea non enim quo', 'farsi', 'Sed quo accusamus sequi molestiae vero commodi numquam. Dolores qui sapiente quia fuga. Officia sunt necessitatibus qui reprehenderit voluptatem. Iure eveniet quidem est incidunt reiciendis. Itaque ut et cumque recusandae aut corrupti.', 31.3, 1.4, 24.7, 328, 1983, 7177, 5327),
(6616, 'At hic saepe', 'portuguese', 'Est et est voluptas. Accusamus amet sit quasi quibusdam incidunt accusamus veritatis. Repellendus odit amet autem vel. Eum facilis amet. Qui necessitatibus optio.', 11.2, 3.0, 8.8, 295, 2018, 2131, 259),
(8963, 'Qui fugit et', 'german', 'Fugiat deserunt sapiente. Beatae blanditiis rerum. Aut consectetur et laudantium possimus eveniet neque. Ad animi vero harum magnam amet veniam. Dolorem dolorum omnis dolorum dolorem.', 12.8, 2.4, 13.1, 380, 2018, 4462, 259),
(4043, 'Blanditiis rem facilis', 'german', 'Illo aliquid perferendis et veritatis corrupti. Corporis molestiae impedit facilis enim eveniet. Qui molestiae perspiciatis non dolorem unde ad nihil. Maxime incidunt adipisci autem iure facere saepe. Exercitationem nobis rem eius a eum ullam.', 22.9, 1.9, 9.0, 148, 2015, 6119, 259),
(7201, 'Dignissimos sint sequi', 'belorussian', 'Quasi perferendis sed corporis repudiandae odio perferendis. Sunt quasi repellat error et ea mollitia qui. Delectus voluptatem consequatur adipisci animi et reiciendis illum. Odio minus necessitatibus. Incidunt earum quasi.', 26.1, 1.1, 22.5, 793, 1995, 6173, 5327),
(6866, 'Est sint rerum commodi', 'croatian', 'Cum harum placeat ullam natus et enim. Ullam at ab id. Eligendi ullam eos exercitationem.', 19.8, 4.2, 27.7, 807, 1986, 7030, 4345),
(9650, 'Necessitatibus accusamus sint', 'ukrainian', 'Qui et qui dolorem. Omnis rerum error qui voluptatem. Inventore et fugiat. Quia similique porro placeat ea iusto.', 28.2, 4.4, 10.8, 736, 1996, 5682, 1585),
(4001, 'Ea laboriosam temporibus', 'arabic', 'Aliquam sit repellendus cum quasi alias unde. Sequi quae minus temporibus. Sed id commodi tempora ut non. Deleniti quae voluptas hic doloribus. Ad dolorem excepturi pariatur accusamus suscipit.', 31.0, 3.5, 6.3, 225, 1990, 3431, 8311),
(3998, 'Cumque enim cum provident', 'chinese', 'Rem nihil ut voluptatum doloremque rerum qui aliquam. Facilis dignissimos similique et. Vitae vel itaque ullam enim culpa eos at.', 28.1, 2.1, 14.5, 644, 1986, 6279, 4345),
(7234, 'Vel tenetur assumenda eligendi', 'german', 'Voluptas qui voluptatem nulla. Fuga dolorem voluptatem quia possimus quia. Eos aut suscipit mollitia.', 27.2, 3.7, 15.5, 969, 1984, 1993, 7575),
(7840, 'Consequatur earum numquam', 'ukrainian', 'Aspernatur repellat nostrum error. Rem voluptatem eveniet. Laudantium libero quibusdam maiores illum ea nesciunt fugit.', 13.8, 4.3, 5.7, 565, 1997, 8029, 3317),
(4714, 'Et architecto reprehenderit est', 'arabic', 'Ullam voluptatibus omnis amet iusto dolorem. Eligendi pariatur occaecati tenetur tenetur aut. Voluptas iusto totam et. Voluptates sed dolorem in.', 18.9, 5.0, 13.0, 187, 1982, 2236, 1585),
(2338, 'Vel consequatur quo', 'german', 'Eum suscipit eius assumenda. Eos ut repellendus praesentium et quam est illum. Rerum sint delectus illum officiis. Omnis cum ratione temporibus illum necessitatibus autem quos.', 29.0, 1.9, 29.6, 685, 1985, 7030, 5327),
(7199, 'Porro harum laborum ea', 'ukrainian', 'Sint soluta modi illum. Ratione est eos sequi quia est. Aut provident officia repellendus.', 18.2, 2.2, 13.8, 519, 2011, 6173, 528),
(7447, 'Sit officia ipsum et', 'spanish', 'Hic quia explicabo in et dolor dolor. Dignissimos tempore qui nesciunt est ut at minima. Dicta distinctio sint rerum autem nostrum ullam.', 16.7, 1.2, 16.4, 561, 2014, 148, 528),
(9754, 'Fuga occaecati recusandae', 'english', 'Maxime vel sunt optio harum reprehenderit quis dignissimos. Ut ipsa mollitia recusandae et similique quisquam. Porro et placeat sint temporibus.', 5.2, 3.5, 32.7, 465, 1986, 7671, 237),
(6812, 'Ullam dolorem voluptatem', 'portuguese', 'Non minima voluptatem. Qui occaecati id velit modi voluptatibus labore voluptatem. Omnis consectetur sapiente nam velit id.', 15.1, 4.7, 9.4, 924, 2005, 7473, 4317),
(6062, 'Magnam voluptas sequi', 'chinese', 'Voluptatem et quam. Sit sunt provident. Quibusdam exercitationem atque rerum. Vitae nam consequatur ducimus rerum qui nihil quo.', 29.5, 4.1, 20.4, 671, 1997, 4001, 4317),
(1994, 'In temporibus ipsum illum', 'portuguese', 'Officia doloremque deleniti sapiente dignissimos quis. Autem aperiam distinctio iure autem id eligendi. Perspiciatis ipsa asperiores minus dolores magnam et vel.', 20.5, 4.7, 18.5, 502, 1984, 7392, 5327),
(1630, 'Alias qui error', 'russian', 'Distinctio ipsum commodi incidunt. Aperiam placeat blanditiis. Non consectetur beatae ratione accusantium odit tenetur fuga. Corrupti delectus deserunt quis perspiciatis sit. Consectetur sit quod magnam non possimus.', 25.4, 2.0, 22.3, 444, 1973, 7473, 1585),
(7267, 'Sed quia mollitia', 'arabic', 'Dolores repudiandae est at voluptatum consequatur et. Vero vitae cupiditate provident molestiae qui. Dignissimos ut iusto asperiores consequatur fuga. Sequi eaque qui occaecati dolores dolorum illo veritatis.', 30.3, 1.4, 32.2, 768, 1981, 5682, 528),
(3781, 'Culpa repellat velit', 'farsi', 'Consequuntur suscipit dignissimos culpa. Ipsa ratione corrupti laborum veniam officia odit qui. Rerum sit dolorum fuga accusamus.', 26.9, 2.6, 30.2, 458, 1989, 8029, 4345),
(740, 'Explicabo aut saepe', 'croatian', 'Est possimus dolores officiis nisi. Ullam perspiciatis deserunt. Nihil labore veritatis architecto et iusto non autem. Similique ut fugit molestiae vero necessitatibus. Voluptas tempora corrupti rerum.', 14.3, 1.1, 23.4, 926, 1998, 8029, 2593),
(2680, 'Inventore adipisci eos', 'portuguese', 'Voluptatibus magni voluptate quo. Molestiae eius ipsa labore qui. Quae voluptatem voluptatem quas corporis voluptates ut et.', 21.6, 2.6, 23.0, 308, 1990, 3493, 8149),
(3590, 'At natus consequatur', 'croatian', 'Autem harum aspernatur fugiat voluptatum non eaque quas. Voluptatem labore adipisci quos optio ad. Quasi sit ratione ipsam est. At eos dignissimos nisi.', 12.5, 2.8, 18.2, 552, 1970, 1280, 2593),
(8742, 'Quis tempore praesentium non', 'croatian', 'Officia aspernatur ut sint natus explicabo. Est asperiores error vel aut temporibus. Incidunt placeat doloremque occaecati odio. Voluptatem qui dolor quaerat dicta. Eligendi laborum quod saepe veritatis laudantium sint.', 28.1, 2.1, 5.9, 167, 1975, 3221, 4345),
(1029, 'Sed rerum error', 'german', 'Non autem non molestiae nesciunt non. Maiores illum sed officia repellat. In quia quidem et omnis qui. Repudiandae atque repellat et et minus alias. Soluta id quae ut minus quod.', 17.8, 4.3, 27.9, 110, 2004, 7392, 2593),
(7622, 'Voluptate mollitia facilis', 'portuguese', 'Rerum est qui qui ipsum maxime rerum. Architecto et unde provident. Dolorem perspiciatis accusantium quas et molestias. Vero quae molestiae cum quaerat aut non. Voluptatem vel ipsum iusto.', 18.2, 3.4, 15.3, 166, 1996, 7141, 5327),
(939, 'Architecto aut aliquam', 'french', 'Qui necessitatibus aut nostrum nisi voluptatem. Consequuntur eaque consectetur sit consectetur aliquid. Deserunt adipisci voluptatem recusandae assumenda. Animi voluptatem provident quidem eligendi. Accusamus cum voluptatem velit ipsum dolores.', 22.3, 3.4, 17.2, 457, 1996, 5600, 9477),
(2466, 'Vel assumenda non', 'armenian', 'A in repellendus accusantium itaque. Saepe quaerat dicta impedit non distinctio repellendus. Facilis aut ipsum reprehenderit ipsum. Nihil ea quasi eaque. Id sunt maxime nemo id itaque et.', 18.8, 4.1, 21.6, 464, 1978, 9646, 9477),
(9673, 'Architecto eius quas', 'ukrainian', 'Fugit maiores non. Eos non ea voluptas impedit. Doloribus culpa aut quis ullam corrupti. Alias qui autem vitae veritatis id consectetur.', 21.5, 4.4, 9.5, 973, 2017, 5905, 3292),
(7096, 'Voluptatem non et blanditiis', 'portuguese', 'Sit harum consectetur quo. Rerum quia eaque eos temporibus sequi nihil temporibus. Rerum aut voluptatibus sunt eligendi eligendi. Numquam dolorem inventore et inventore.', 29.5, 2.8, 13.9, 708, 2015, 748, 3292),
(6001, 'Dolores harum quia', 'portuguese', 'Nulla ut veritatis eos omnis eveniet veniam occaecati. Et optio repellendus fugiat possimus. Quaerat molestiae et. Autem temporibus alias ducimus occaecati eum omnis.', 9.4, 2.5, 18.4, 762, 1987, 3833, 4345),
(2651, 'Ex dolores accusamus est', 'english', 'In est modi sunt sint corrupti quos voluptates. Sunt voluptatibus unde accusamus quis velit. Id inventore optio optio. Velit consequuntur voluptatem possimus et quibusdam ab. Placeat quasi adipisci ut voluptatem.', 20.8, 3.7, 18.6, 642, 2012, 3221, 1585),
(4029, 'Est dolores fugiat qui', 'farsi', 'Aut deserunt et officiis nulla velit. Et quisquam a ab. Et ut est doloremque provident. Pariatur adipisci quia quia nisi assumenda quia. Impedit praesentium eos molestiae.', 33.7, 3.5, 29.2, 682, 1975, 3221, 3292),
(2066, 'Sed optio sint', 'portuguese', 'Assumenda quia id perferendis doloribus fuga laboriosam aut. Enim voluptatem ipsum iste nostrum facere. In quam nisi eum vitae officia.', 31.1, 4.6, 19.2, 946, 2008, 3833, 8311),
(5871, 'Optio nulla voluptas facilis', 'urdu', 'Sit doloribus quia qui earum explicabo quaerat reprehenderit. Veritatis voluptas doloribus deleniti voluptatem facere facilis consectetur. Corporis unde rem voluptatem voluptate. Praesentium totam qui consequuntur.', 5.9, 1.8, 19.6, 368, 2001, 7141, 528),
(1002, 'Nihil accusamus occaecati', 'french', 'Voluptas cumque quo modi et et. Ea consequatur qui amet nam animi id. Excepturi porro in sint sunt in facere. Ex dignissimos tenetur cupiditate accusamus minus. Tempora libero et non expedita repellendus recusandae.', 23.3, 4.4, 28.8, 672, 1984, 7030, 4111),
(7115, 'Aut quas occaecati', 'urdu', 'Sint rem accusantium voluptas voluptatibus repudiandae. Vel iusto blanditiis minus numquam distinctio repudiandae dolorem. Illo inventore quia.', 10.1, 3.3, 12.6, 781, 2005, 7473, 5327),
(4913, 'Distinctio quisquam quasi eveniet', 'urdu', 'Voluptas maxime facere. Aut vero sapiente repudiandae natus ullam sit ut. Enim velit et ad. Voluptatum laborum numquam ut temporibus sunt.', 16.5, 2.6, 26.7, 812, 1994, 2236, 5327),
(594, 'Officiis voluptas sequi', 'armenian', 'Eius quo qui laborum quo odio minima. Vel minima doloribus eos quia. Nisi officia perferendis aut beatae animi reiciendis. Modi tempora ex fugit ex.', 18.1, 1.4, 27.5, 831, 1976, 9466, 259),
(3, 'Eos quis aut', 'chinese', 'Omnis vitae vitae sit quod doloribus qui. Dolorem accusantium quasi dolorem aut. Quasi doloribus omnis iste explicabo. Ea iste minima molestiae vitae qui. Laboriosam repellendus tempora autem dolor nostrum aperiam quia.', 27.8, 1.9, 11.3, 941, 2013, 9368, 9477),
(6296, 'Rerum ullam minima', 'portuguese', 'Autem qui natus temporibus rerum. Nam minima aut quibusdam. Deleniti quidem nihil. Deserunt tempore repellendus.', 33.1, 4.3, 12.8, 416, 1970, 6279, 8149),
(7118, 'Quibusdam debitis quia', 'chinese', 'Occaecati soluta molestiae dicta adipisci. Error sit hic ab. Vel voluptatum voluptatem qui eos consequuntur. Eveniet debitis natus.', 29.0, 4.3, 11.0, 540, 1991, 4462, 9477),
(5133, 'Enim asperiores minus veritatis', 'english', 'Unde qui ut. Et molestias nostrum et. Similique consequatur praesentium perspiciatis praesentium magnam vel quam. Porro qui consequatur est.', 20.9, 3.5, 31.7, 297, 1973, 6152, 259),
(4332, 'Ut qui eum', 'urdu', 'Est qui deserunt quia commodi et iste. Inventore sed aut. Natus voluptates minus corporis qui quia sed ducimus. Excepturi sit harum ut consequatur.', 6.1, 3.5, 32.8, 549, 1983, 748, 259),
(4131, 'Quo incidunt quia', 'polish', 'Voluptas minus consequatur aut doloremque quia ipsum laborum. Nihil voluptatem dolores. Unde quia dicta hic ut cupiditate vero.', 14.5, 4.8, 27.1, 571, 2009, 5905, 3317),
(2103, 'Cum nemo dignissimos pariatur', 'urdu', 'Quis magni ut. Quaerat sint dolor officia pariatur accusantium temporibus aut. A qui sit voluptatem consequatur et aut. Recusandae voluptas quaerat ipsa. Voluptatibus pariatur ea aut aut ut ea optio.', 26.6, 2.4, 30.8, 791, 2014, 9646, 4317),
(7040, 'Sed voluptate expedita', 'belorussian', 'Omnis dolorum in nihil aut sed. Corrupti neque ex soluta. Voluptates accusamus dignissimos. Maiores enim omnis vero id error. Voluptatem harum esse ea veniam voluptatem occaecati quas.', 8.0, 3.2, 13.5, 751, 2008, 1280, 2593),
(8018, 'Quam ut natus ea', 'belorussian', 'Explicabo in amet nemo. Qui similique reiciendis occaecati omnis non ipsa consequatur. Aut ipsam labore vitae accusamus a vitae non. Expedita similique pariatur ab.', 23.1, 4.8, 5.5, 632, 1987, 6279, 259),
(4538, 'Architecto eligendi quis accusamus', 'croatian', 'Odio magni dolorum beatae officiis vitae ut. Quo ea recusandae tenetur debitis facilis deleniti. Libero corrupti possimus ut in. Necessitatibus dolorum necessitatibus omnis. Qui maiores esse sunt.', 31.2, 3.4, 24.6, 390, 1998, 7030, 3317),
(6898, 'Unde consequatur dolor', 'arabic', 'Animi consequatur saepe cumque neque nihil perspiciatis. Distinctio tenetur vero accusamus qui reprehenderit accusantium eaque. Magni perspiciatis et ipsa alias.', 12.0, 3.4, 20.4, 236, 1974, 6279, 528),
(6636, 'Eaque aut quo quisquam', 'chinese', 'Dolore laudantium et veritatis dolorum et sapiente officia. Ratione numquam nostrum. Nulla dolorem dolore rerum quo in. Eum quae omnis quas voluptatem.', 20.0, 3.9, 15.9, 573, 1982, 541, 7575),
(5697, 'Sit ipsum eaque', 'urdu', 'Nemo voluptate officiis atque eum. Neque nihil quia. Ratione delectus enim culpa eveniet dolores. Ratione earum saepe sequi ducimus. Voluptas ex molestias qui aut.', 22.7, 2.7, 7.2, 663, 1990, 1280, 7575),
(1553, 'Omnis animi iste', 'russian', 'Exercitationem ipsa inventore. Eos est aliquid. Reiciendis nisi et quod ratione repellat. Qui ut laboriosam dolor sed.', 24.5, 1.7, 6.5, 317, 1989, 9015, 7575),
(7843, 'Et culpa hic', 'russian', 'Eum molestiae temporibus voluptatem. Eum rem suscipit id. Tenetur eveniet modi ut adipisci. Temporibus aut molestiae. Suscipit perferendis autem.', 33.5, 3.6, 33.8, 347, 1982, 8029, 3292),
(1841, 'Veritatis neque sed qui', 'urdu', 'Qui quis repellendus placeat odit ex ut. Mollitia aperiam rerum eos est. Autem repudiandae consectetur dicta aut beatae et sequi. Unde eos ullam et qui excepturi possimus et.', 14.8, 2.0, 33.5, 828, 1992, 3221, 1585),
(7717, 'Aut sit eos dignissimos', 'spanish', 'Error nihil numquam ullam. Cum tempore ratione illo et est. Et odio veniam ad voluptatum. Earum velit harum. Quos qui nobis officiis nihil sapiente totam tempora.', 26.7, 1.3, 19.8, 115, 1973, 6279, 4111),
(1368, 'Asperiores assumenda illo quia', 'arabic', 'Ex explicabo accusantium ea quis distinctio cupiditate. Totam voluptate commodi aut iure sint. Natus voluptatibus ut molestiae rerum consequatur ipsa. Voluptatibus est et est.', 10.8, 4.5, 32.6, 37, 1990, 5905, 2593),
(9750, 'Nobis exercitationem sed explicabo', 'portuguese', 'Et voluptatum corrupti illum. Officia maxime totam sed dicta et recusandae. Ut non unde harum.', 6.8, 3.1, 23.1, 564, 1989, 2580, 4345),
(801, 'Quia ut voluptates', 'chinese', 'Culpa odit non veniam sequi quisquam commodi. Tempore molestias error ab reiciendis neque laboriosam. Magnam numquam voluptatem temporibus aut. Consequatur officiis minus qui repellat. Voluptas in exercitationem minus placeat sed.', 27.0, 4.9, 14.0, 187, 1982, 8365, 8311),
(6989, 'Qui omnis autem', 'armenian', 'Officiis ut veritatis saepe. Earum corporis nihil repellat animi sint et quia. Reiciendis aut est dolorum ut. Aliquam molestiae aut est. Voluptas quia minima.', 25.9, 4.5, 33.9, 247, 1993, 6173, 8149),
(9172, 'Distinctio rerum neque assumenda', 'portuguese', 'Aut ipsum debitis assumenda commodi. Eum est ut labore sed fugiat sed. Rerum eveniet nulla qui ipsum eveniet eaque.', 25.2, 3.7, 6.8, 411, 1983, 7473, 2593),
(1811, 'Numquam amet illo', 'english', 'Error ratione fugiat qui. Rerum et nesciunt quis non excepturi ullam voluptatem. Minima pariatur est ea. Quos sunt eligendi ducimus quia qui. A nihil quo dolores.', 25.7, 1.7, 25.1, 555, 2010, 9646, 9477);
