insert into author(author_id, first_name, second_name, birth_city, birth_country, birth_date, author_descr, nationality) values
(6188, 'Connor', 'Lehner', 'Lake Tysonshire', 'United States Minor Outlying Islands', '1964-12-29', 'Incidunt voluptatem adipisci. Aut blanditiis minus corporis dolores est unde. Magnam quaerat incidunt et iusto ut aut. Et sequi possimus est pariatur alias aliquid vel.', 'Indian'),
(2539, 'Faustino', 'Heller', 'South Dustinview', 'Comoros', '1956-12-02', 'Aut expedita enim natus ut sit. Autem accusantium suscipit optio. Voluptatum reiciendis porro natus quia error pariatur sequi. Fugiat occaecati aut. Incidunt et optio iusto tempore quia quidem optio.', 'Turkish'),
(9790, 'Leopold', 'Lang', 'Keeganmouth', 'New Zealand', '1934-06-19', 'Veniam qui magni molestiae voluptatem eos nemo. Dolor sapiente vel eaque expedita nulla ea impedit. Sed minima omnis iste ex et voluptates sunt. Et sit rerum ad ipsum mollitia. Consequatur voluptas sit blanditiis et aut non recusandae.', 'Canadian'),
(7003, 'Lawrence', 'Towne', 'Joaquinville', 'American Samoa', '1941-05-13', 'Aliquid corporis ratione voluptas hic inventore. Deserunt ut consequuntur aliquam eaque dignissimos. Eos illo esse in voluptatum. Perspiciatis quo quo natus dicta. Voluptate sit reprehenderit aut aliquam voluptatem.', 'Egyptian'),
(6199, 'Aiden', 'Schamberger', 'Port Zolaview', 'Myanmar', '1982-11-14', 'Fuga ipsa est. Quasi delectus corporis et ut error facilis accusamus. Velit commodi laborum earum.', 'Swedish'),
(4043, 'Ophelia', 'Schaden', 'Carlifort', 'Saint Vincent and the Grenadines', '1923-12-05', 'Libero quidem amet dolores similique earum ut. Qui eos pariatur dolore debitis animi iusto. Sed eum dolores iure. Sit delectus voluptates.', 'Czech'),
(9733, 'Adrain', 'Mitchell', 'North Elyssa', 'Romania', '1987-03-03', 'Omnis beatae vero itaque ex. Rerum reiciendis voluptas sapiente praesentium. Quos sit dolor occaecati placeat iusto. Ipsam rerum ut nihil perferendis nostrum tempora.', 'Syrian'),
(2499, 'Michelle', 'Mertz', 'Yostfort', 'French Guiana', '1924-03-19', 'Itaque praesentium qui voluptas unde. Exercitationem totam dolorem. Facere error modi eaque illo nulla ratione. Praesentium necessitatibus impedit porro alias accusamus.', 'Slovakian'),
(2034, 'Audreanne', 'Harber', 'Ryanntown', 'Andorra', '1999-07-22', 'Occaecati non qui ut ut rerum delectus quo. Debitis ipsum quisquam assumenda doloribus molestias harum. Iure est rerum ipsa adipisci omnis et. Fuga id aut vel autem voluptatem cumque aut. Placeat voluptas velit aut porro nesciunt rerum.', 'Belgian'),
(7891, 'Krystel', 'Baumbach', 'Shemarview', 'Mongolia', '1983-04-20', 'Earum dolores voluptas assumenda. Et et odio id vero. Voluptatem fugit asperiores.', 'Armenian'),
(3552, 'Constantin', 'Waelchi', 'North Omertown', 'Haiti', '1991-02-26', 'Laudantium id nisi. Possimus blanditiis rerum aperiam. Delectus nihil eos.', 'Belgian'),
(95, 'Brock', 'Jones', 'Lake Harleytown', 'Uganda', '1925-05-23', 'Incidunt et nostrum exercitationem. Et nihil et et aperiam sunt. Dolore ullam provident recusandae quo qui ducimus in. Excepturi eum temporibus exercitationem itaque.', 'Cuban'),
(9877, 'Kelsi', 'Bartoletti', 'Terryshire', 'Sri Lanka', '1974-05-18', 'Maxime rerum quaerat magni fuga minima sequi voluptates. Consequatur voluptatem sit. Repellendus minus eveniet veritatis labore perferendis. Eius temporibus id. Cumque vel nobis mollitia ex et.', 'New Zealander'),
(1602, 'Brent', 'Denesik', 'Orieberg', 'Guatemala', '1925-10-03', 'A ab fuga. Quia commodi sequi ut tenetur corporis. Quae tenetur suscipit vel quia eligendi porro provident. Quia totam a.', 'Austrian'),
(8771, 'Alden', 'Mraz', 'West Gregory', 'Bouvet Island (Bouvetoya)', '1974-10-21', 'Et iste voluptatem in vitae amet porro placeat. Saepe sint veniam voluptatem aperiam. Et saepe cum.', 'Turkish'),
(3049, 'Theodora', 'Bogisich', 'North Morganmouth', 'Canada', '1920-07-01', 'Quia impedit dolores unde alias sed. Non assumenda laborum. Voluptatem quod omnis tempora commodi doloribus quo.', 'Kittian and Nevisian'),
(8361, 'Sadie', 'Macejkovic', 'Laylashire', 'Slovenia', '1972-01-12', 'Quae est tempora. Ullam similique nam autem aut debitis rem. Debitis delectus dicta occaecati vero magni magnam quia.', 'Nepalese'),
(6980, 'Jairo', 'Erdman', 'East Cade', 'Guatemala', '1947-09-26', 'Et dolorum qui beatae aliquid vel molestias. Enim quae sapiente dolor temporibus cumque est blanditiis. Similique maiores quos repellat assumenda est voluptate. Totam saepe accusantium totam recusandae ea et eligendi. Ut nam excepturi nobis quas et velit.', 'Icelander'),
(137, 'Lexie', 'Upton', 'Schuppeburgh', 'Trinidad and Tobago', '1975-04-20', 'Qui doloremque odio voluptas eaque corporis itaque. Facere eos eaque similique omnis facere quam vero. Labore et consequatur quod animi sint asperiores eum. Labore ut enim autem neque porro.', 'Lithuanian'),
(5406, 'Guiseppe', 'Welch', 'North Isabel', 'Malawi', '1933-01-06', 'Non consequatur et blanditiis officiis. Occaecati veniam dolor ipsam porro. Esse deserunt excepturi et tempore enim. Adipisci voluptatum rerum nisi iusto iure. Repudiandae neque vel asperiores ut culpa aut rerum.', 'Lithuanian'),
(7936, 'Cayla', 'Koch', 'McKenzieview', 'Armenia', '1937-10-18', 'Et porro molestiae excepturi laboriosam. Autem reprehenderit odio recusandae nulla. Qui delectus voluptates veniam accusantium praesentium non quam. Sed exercitationem repellat aut. Ut modi inventore quod ipsa error accusantium.', 'Greek'),
(2938, 'Hailie', 'Kling', 'South Luciousfort', 'Indonesia', '1950-11-11', 'Voluptas dolor nobis. Eos magni quod eaque eum voluptatem. Qui sunt alias ducimus quod recusandae. Saepe repellendus eaque culpa voluptatibus. Eius sapiente nisi deserunt omnis non aut.', 'Syrian'),
(290, 'Rubye', 'Bayer', 'East Jaquelin', 'Italy', '1946-10-14', 'Facere repudiandae impedit. Porro omnis tempore perferendis atque. Animi voluptatem modi voluptatem architecto. Tenetur enim vero saepe nisi et quia.', 'Syrian'),
(4702, 'Braulio', 'Grant', 'Bauchside', 'Oman', '1975-01-23', 'Ea quod voluptates. Et voluptas soluta. Dolorem nihil voluptatem nesciunt. Et ducimus ut dolorem. Et eum quas doloremque pariatur molestiae.', 'Liechtensteiner'),
(1518, 'Crawford', 'Tremblay', 'New Garthmouth', 'Marshall Islands', '1925-06-09', 'Dolores aperiam sit cupiditate ratione soluta autem magni. Voluptatum voluptate quod earum. Non ex et libero. Temporibus est minus perspiciatis optio quo voluptas.', 'Kittian and Nevisian'),
(3974, 'Michaela', 'Davis', 'Carloside', 'Guernsey', '1944-04-02', 'Adipisci qui similique et velit amet laborum. Dicta temporibus expedita tenetur molestiae. Et et sed est eaque est et. Omnis mollitia aut iste et ut.', 'Cuban'),
(3021, 'Joshua', 'Pfannerstill', 'Ewaldland', 'Switzerland', '1994-03-11', 'Distinctio alias laudantium repudiandae. Deserunt fugit voluptatibus. Nihil pariatur rerum eos veritatis. Cupiditate minus natus sunt. Debitis nam amet voluptate ab dicta hic.', 'Nepalese'),
(7752, 'Robbie', 'Ullrich', 'Madonnaland', 'Trinidad and Tobago', '1943-05-18', 'Debitis enim sed harum soluta expedita rerum amet. Quibusdam quod incidunt doloribus. Et labore qui. Sunt ut nihil. Sed voluptates dolorem ut voluptates porro.', 'Kittian and Nevisian'),
(2072, 'Rosalee', 'Schaefer', 'North Bo', 'Svalbard & Jan Mayen Islands', '1959-04-16', 'Eos nemo rerum fugiat distinctio aspernatur aut. Harum numquam necessitatibus occaecati sit quaerat deserunt praesentium. Maiores illo officia et voluptates. Neque ea accusamus similique voluptatem. Corporis officia voluptatem aut amet esse.', 'Austrian'),
(1639, 'Andre', 'Collins', 'New Domenick', 'Saint Pierre and Miquelon', '1927-04-02', 'Porro voluptatum molestias occaecati deserunt alias. Aliquam molestias dolorem aut ipsam totam. Maiores blanditiis aut harum. Perferendis cumque itaque aut.', 'Greek'),
(9224, 'Karolann', 'Muller', 'North Lucianofort', 'Kenya', '1992-03-17', 'Qui sit sint. Nostrum accusamus velit tempora qui. Esse non excepturi earum eum laborum. Mollitia officiis ea.', 'British'),
(2401, 'Eulalia', 'Schultz', 'Stromanborough', 'Benin', '1988-10-20', 'Atque doloremque qui. Exercitationem ex occaecati omnis alias. Dolores illo delectus rerum qui atque ea. Quaerat consequuntur quisquam exercitationem voluptas. Consectetur et ducimus enim delectus.', 'American'),
(2857, 'Vernie', 'Okuneva', 'Port Ceceliabury', 'Morocco', '1959-07-14', 'Ex quam odit molestiae eum vel tenetur impedit. Magni aut provident. Qui nemo quia delectus et quaerat. Ut id recusandae. Hic porro nisi asperiores iusto qui quidem vel.', 'Albanian'),
(807, 'Adrianna', 'Bosco', 'New Novella', 'Norway', '1991-06-05', 'Aut ipsum sint ut autem ratione. Rerum possimus facilis. Quaerat ut omnis. Alias est non.', 'Mexican'),
(7521, 'Dan', 'Trantow', 'West Edd', 'Greenland', '1941-12-06', 'Et architecto tempora optio. Labore mollitia consequatur provident explicabo vel voluptatum. Vel quidem corrupti doloremque. Quod possimus est saepe doloremque voluptatum placeat. Eveniet recusandae harum aut accusantium.', 'Australian'),
(806, 'Tess', 'Brown', 'Torpview', 'Burkina Faso', '1938-08-20', 'Non recusandae voluptatem minima sapiente. Dicta qui nulla beatae. Aut nam ad aliquid.', 'Maldivan'),
(133, 'Terrence', 'Pagac', 'Davisburgh', 'Burkina Faso', '1999-09-21', 'Sed et magni vitae dolorem officia nihil. Autem suscipit et quod eius. Architecto molestiae et veritatis. Velit vel iste voluptas quod. Iste cum et rerum laudantium.', 'Slovakian'),
(2920, 'Jairo', 'Schumm', 'Granvillefurt', 'Lesotho', '1953-11-30', 'Iusto ullam assumenda dignissimos omnis molestias sed. Ut ad maiores enim sapiente velit voluptates. Vel aspernatur repellendus.', 'Slovakian'),
(4645, 'Sandra', 'Steuber', 'Port Gust', 'Dominica', '1920-04-13', 'Sint ab voluptate similique. Sit ad ratione consequatur. Nostrum earum architecto ut vero sunt quis. Aut rerum ipsa consequatur minima. Ullam ducimus voluptas deserunt facere qui.', 'Indonesian'),
(8308, 'Amely', 'Torp', 'Tiannastad', 'Myanmar', '1962-09-20', 'Omnis cumque voluptatem. Id sapiente quis sunt aliquam eos vel. Impedit soluta libero quisquam esse. Ut rem mollitia sit.', 'Welsh'),
(4697, 'Dan', 'Larkin', 'Lebsackstad', 'Latvia', '1950-10-12', 'Rem velit est veritatis et animi animi. Id rem dolorem et dolore. Animi dolore sed voluptatum voluptas. Expedita qui amet officiis cum. Impedit impedit molestiae voluptatem sint blanditiis.', 'Romanian'),
(8384, 'Lewis', 'Waters', 'South Macihaven', 'Zimbabwe', '1941-08-19', 'Sapiente laudantium enim. Eos tempore ab in officia molestiae. Molestiae occaecati perspiciatis.', 'Central African'),
(1003, 'Raquel', 'Hickle', 'South Mikelbury', 'Turkmenistan', '1972-03-11', 'Repellendus quo non sit et aut. Quod aut et vitae et ullam aut. Sed at ea error et officiis. Voluptatem non mollitia nesciunt enim. Eos numquam omnis ea aut libero dolorem.', 'Lithuanian'),
(4311, 'Watson', 'Moore', 'Kuphalside', 'Romania', '1930-06-20', 'At reiciendis quasi aut quaerat et. Animi qui in rerum cumque fuga. Beatae quidem sunt accusantium atque sit distinctio nam.', 'Romanian'),
(6024, 'Amanda', 'Hyatt', 'Edmouth', 'Botswana', '1965-12-16', 'Quibusdam ea voluptas earum explicabo earum sit. Odio consequuntur consequatur blanditiis natus. Sit omnis veritatis eum accusantium veritatis enim aliquam. Consequatur commodi occaecati et quaerat. Et sed eum labore non enim expedita et.', 'Slovakian'),
(4326, 'Jason', 'Johnson', 'Lake Alene', 'Qatar', '1935-11-18', 'Ullam repellendus a cum autem molestias vel nobis. Magnam voluptatem mollitia velit. Animi doloremque ex. Voluptatem at est dolore. Eligendi possimus quos quibusdam nihil et earum est.', 'Australian'),
(8246, 'Coy', 'VonRueden', 'North Dawsonshire', 'Venezuela', '1960-11-25', 'Vitae dolorum ipsum nulla dolorum quas pariatur eligendi. Similique iusto veniam ut aliquam minima. Magni asperiores sed sed ut vel et earum. Est soluta iste fugiat tenetur illum.', 'Central African'),
(6645, 'Torey', 'Kuhic', 'Lake Caitlynview', 'Dominica', '1931-08-14', 'Quis quam sed quos sint commodi blanditiis laborum. Molestias ducimus ut rerum dolorem. Suscipit voluptatem quod.', 'Maldivan'),
(5119, 'Ona', 'Lang', 'New Maxwellstad', 'Swaziland', '1925-05-13', 'Atque fugiat inventore ipsam dolores dolorum harum exercitationem. Accusamus dolor culpa. Nam ut est accusantium ratione at.', 'Kittian and Nevisian'),
(3241, 'Taryn', 'Heaney', 'East Ora', 'Anguilla', '1957-01-28', 'Aut suscipit fugit iste. Hic blanditiis nisi beatae culpa autem sed et. Est optio vero nam omnis. Nihil provident totam odio quam rerum. Qui animi et ut.', 'Malaysian');

insert into genre(genre_id, genre_name, genre_descr) values
(3680, 'Textbook', 'Similique voluptatem et corrupti placeat explicabo dolor dolor. Reprehenderit reprehenderit minus commodi tempore aut quasi maxime. Qui perferendis consectetur dolores qui commodi.'),
(691, 'Western', 'Iusto eveniet vel enim labore alias repudiandae amet. Earum non dolores. Voluptatem sed quasi porro est et qui.'),
(4906, 'Fiction in verse', 'Quod tenetur neque quisquam fugiat ut ipsa delectus. Amet alias quia quo sed necessitatibus. Consequatur dolorum debitis consequatur cupiditate quia.'),
(1121, 'Narrative nonfiction', 'Perspiciatis sed perferendis facere et itaque impedit. Cupiditate id amet. Aliquam facilis doloribus numquam ea aut porro. At molestiae est maiores nihil soluta voluptatum impedit.'),
(4648, 'Essay', 'Odio dignissimos autem vero et reprehenderit omnis incidunt. Laudantium hic voluptatum non minus error est unde. Iusto ipsa nisi ullam laborum aut. Eligendi porro quia reprehenderit cumque.'),
(8168, 'Crime/Detective', 'Et et totam nihil. Similique aut ut inventore molestiae nemo. Vel fugiat consequatur rerum molestiae sit harum.'),
(1054, 'Folklore', 'Ipsam maiores quis eaque distinctio in beatae. Maxime deserunt perferendis qui sequi adipisci. Et odit facilis. Harum amet quam eos distinctio.'),
(3560, 'Historical fiction', 'Perspiciatis accusantium est. Est laboriosam aliquam earum eos. Est ex ullam nisi omnis praesentium. Quasi voluptatum ipsum tempore ut placeat ducimus optio. Similique omnis est ullam omnis.'),
(1136, 'Mystery', 'Dolorum velit numquam quaerat iste iusto. Qui in enim. Possimus odio perspiciatis ea inventore iusto autem. Fuga natus esse nisi qui cum illo qui. Quis consequuntur sit et quaerat vero nobis ut.'),
(8476, 'Fable', 'Autem est quibusdam et. Tempore quae quo qui est deserunt consequatur totam. Rerum molestiae consequatur.'),
(4311, 'Speech', 'Numquam dolorem est. Impedit consequatur est dolore voluptatem ab aspernatur non. Deleniti sit enim quae corrupti dicta.'),
(6613, 'Metafiction', 'Optio exercitationem illum perspiciatis. Qui et omnis omnis eveniet quo est. Ipsum aut debitis. Officiis enim perspiciatis voluptas et voluptas culpa explicabo.'),
(6906, 'Short story', 'Rem voluptas et itaque ducimus quod nobis. Enim incidunt suscipit aut saepe dolor. Labore distinctio ab est a expedita. Saepe voluptas reprehenderit nostrum et reprehenderit.'),
(1575, 'Realistic fiction', 'Voluptatem voluptate velit dolores perspiciatis. A libero ullam nisi rem. Omnis quasi temporibus omnis corrupti. Amet ut non optio vel voluptatem.'),
(8138, 'Reference book', 'Et aut in sapiente eius molestiae totam. Occaecati quasi reiciendis dolor soluta quia. Iusto aperiam consequuntur tempore dignissimos blanditiis. Ex voluptatibus animi corporis suscipit.');

insert into book (book_id, book_name, book_language, book_descr, book_height, book_length, book_width, page_count, publication_year, author_id, genre_id) values
(5379, 'Omnis tempora molestias voluptatem', 'german', 'Dolores quasi a ut consequatur hic qui omnis. Occaecati eos tempore autem dolorum omnis error. Est aut dolore est rerum optio est.', 29.7, 4.7, 12.2, 859, 1973, 1518, 4906),
(7956, 'Non dolorem dolore id', 'croatian', 'Laborum quae laborum aspernatur adipisci ut. Et voluptatibus corrupti sunt. Voluptas laboriosam tempora id qui quis.', 11.3, 3.8, 19.7, 102, 2000, 2539, 1054),
(3548, 'Sapiente et qui iusto', 'armenian', 'Voluptatum ducimus dolorum recusandae. Eaque suscipit nulla velit. Quas dolores earum inventore.', 32.1, 2.1, 26.4, 397, 1998, 7936, 8138),
(7919, 'Est qui laudantium', 'belorussian', 'Earum quidem ipsum asperiores. Hic et sed. Soluta doloremque totam adipisci minima voluptatem ullam veritatis. Cum voluptatibus vel deleniti mollitia architecto dolor.', 30.5, 2.9, 29.3, 441, 1995, 9224, 1575),
(2993, 'Labore dolores qui', 'arabic', 'Eum dignissimos voluptatem corrupti adipisci dolorum omnis. Aperiam amet sapiente culpa corporis molestiae numquam cupiditate. Aspernatur eligendi porro. Odit occaecati qui amet est. Expedita molestias dolore eveniet alias eaque.', 15.9, 4.4, 22.9, 188, 1989, 9224, 4311),
(5111, 'Aut quo nam', 'belorussian', 'Provident adipisci adipisci. Ut error ab vero nobis. Incidunt rerum rem deleniti dolor perspiciatis. Ducimus ut aut placeat.', 22.7, 1.4, 17.3, 668, 2000, 8246, 1054),
(2497, 'Vel repellat quibusdam', 'russian', 'Odit eveniet corrupti. Voluptas reprehenderit sed est. Nam earum nisi consectetur accusamus quam.', 9.4, 2.4, 32.8, 349, 1993, 2857, 1054),
(4714, 'Velit ut libero', 'german', 'Dignissimos facilis aliquam ea quam hic et odio. Rerum error quod quo voluptatem ipsam eius. Voluptates dolorem sed facere qui unde.', 26.6, 3.7, 31.0, 67, 2015, 2034, 3560),
(8003, 'Maiores aut ipsa repellendus', 'arabic', 'Expedita distinctio aut saepe iusto eos minima consectetur. Quia pariatur porro. Mollitia ut molestias nesciunt est nihil eos.', 13.4, 4.4, 29.5, 40, 2008, 3049, 1121),
(2745, 'At totam sunt', 'french', 'Aut beatae vitae accusamus qui fugit. Sit molestiae odit dolor ullam. Ipsam nesciunt cumque accusamus voluptatum aut ad. Ducimus dolor ut molestias. Ducimus est labore harum ipsam dolore consequatur quia.', 32.3, 2.4, 33.0, 291, 1975, 2401, 3560),
(8812, 'Id est consequatur et', 'armenian', 'Quis commodi laboriosam quidem non recusandae eius. Sed architecto deleniti quia eligendi dolor sed. Qui dignissimos saepe enim quia culpa. Possimus et iusto. Quam commodi et animi voluptates id saepe perspiciatis.', 33.3, 2.9, 18.5, 216, 2018, 9790, 4311),
(8832, 'Doloremque ut neque', 'russian', 'Explicabo omnis occaecati voluptate libero. Dignissimos sed omnis quo commodi nemo. Aspernatur in dignissimos. Consequatur sunt vitae eligendi sunt.', 21.7, 4.5, 20.9, 834, 2016, 290, 8168),
(9691, 'Rerum nobis facere tenetur', 'english', 'Ut fugit repellat quisquam beatae a consectetur sed. Quaerat tenetur id enim maxime aut consequuntur. Quaerat ipsum provident maiores nisi mollitia sint. Ut et aut doloribus et accusamus modi.', 19.0, 4.8, 8.5, 300, 2006, 7752, 8476),
(4485, 'Odio fugit eveniet nihil', 'french', 'Est quisquam id quia consectetur corrupti facilis. Sed aspernatur inventore. Ex id ut vel natus nulla distinctio. Animi autem ut eos eos omnis officiis. Consequatur magni ut velit consectetur perspiciatis odio voluptas.', 24.7, 3.6, 7.1, 827, 1991, 806, 8168),
(1708, 'Voluptatum doloribus nihil a', 'belorussian', 'Soluta eos voluptas. Blanditiis laborum voluptate cumque fugit iure sapiente hic. Et eveniet cupiditate ut.', 15.2, 4.0, 30.8, 286, 1975, 2072, 8476),
(4296, 'Reprehenderit blanditiis dignissimos dolorem', 'portuguese', 'Laboriosam eveniet ex nam. Recusandae numquam non necessitatibus perferendis ipsa quod unde. Eos a maiores perspiciatis.', 30.9, 3.5, 17.2, 706, 1995, 7521, 8476),
(5505, 'Voluptatibus laudantium voluptatem qui', 'arabic', 'Quas soluta eos consequatur et. Velit deleniti accusamus qui unde sint. Eum ea et labore facere reiciendis omnis. Et tenetur nostrum ut et consequatur quia. Quo expedita dicta cumque.', 30.5, 3.4, 31.0, 633, 1986, 9877, 691),
(1014, 'Adipisci dolorem molestiae qui', 'chinese', 'Cupiditate voluptatem odit similique laudantium sequi. Enim id est sed possimus. Pariatur qui vel est magnam possimus sit.', 32.5, 2.0, 28.6, 838, 2015, 4043, 4648),
(8106, 'Sit est omnis mollitia', 'french', 'Omnis dolore aperiam error dolorem quia laborum repellendus. Quo quaerat culpa tempora error qui illo ducimus. Soluta ut rem laboriosam.', 11.5, 3.7, 12.5, 214, 1996, 3552, 3560),
(3771, 'Nobis voluptatem impedit', 'spanish', 'Consequuntur est cupiditate in quis non non voluptatem. Quasi expedita accusamus quaerat aspernatur cum aspernatur explicabo. Dolorem nisi nulla adipisci omnis cumque dolores. Omnis nihil fuga expedita.', 22.4, 3.0, 29.7, 910, 2000, 9224, 8476),
(3154, 'Aliquam sed voluptate ut', 'spanish', 'Vel iusto sint nulla nesciunt dolor. Id voluptatem tempora ut. Eaque aspernatur corrupti. Quae harum consectetur earum.', 31.6, 4.3, 23.2, 753, 2010, 8361, 691),
(6625, 'Iste voluptatem blanditiis', 'polish', 'Mollitia sapiente voluptatem modi omnis quo. Nihil qui corporis. Enim atque est vitae dolores quia iusto. Omnis voluptatem rerum velit ratione tenetur.', 8.4, 2.4, 15.8, 183, 2000, 4702, 4648),
(3044, 'Aspernatur facere iste quia', 'french', 'Fugiat quaerat ab quam autem. Sunt quo maiores ut. Molestiae aut sed a nesciunt occaecati eos animi.', 15.3, 3.6, 22.0, 648, 1997, 807, 8168),
(1663, 'Laboriosam provident architecto', 'urdu', 'Qui omnis hic voluptas tempora. Iste autem dignissimos cupiditate numquam quia dolores repellendus. In corrupti magni aut doloribus fugiat. Non itaque unde est debitis repellat quasi sed. Molestiae ut quo est ab qui eveniet dolor.', 17.2, 2.5, 23.3, 794, 1990, 7936, 691),
(190, 'Earum voluptatem ipsa', 'spanish', 'Similique deserunt aut eos. Qui incidunt et. At aut aspernatur aliquid minima voluptatum autem excepturi. Qui est maxime unde qui.', 30.9, 2.9, 11.1, 96, 2009, 133, 691),
(9548, 'Soluta quisquam enim', 'armenian', 'Suscipit excepturi id. Adipisci beatae consequatur ipsum. Est dolor corporis quia ducimus natus consequatur. Ipsa saepe eveniet nesciunt. Et atque ex sunt quas magnam molestias.', 22.5, 1.8, 18.5, 748, 1993, 2539, 6906),
(5546, 'Tempore quasi facilis corrupti', 'portuguese', 'Labore nihil molestiae doloremque aperiam perspiciatis assumenda. In in aspernatur hic. Iure earum dolorem sit. Est voluptas assumenda libero et et quaerat.', 28.9, 2.4, 16.0, 113, 2014, 3552, 1121),
(6661, 'Qui ipsam illo voluptas', 'belorussian', 'Non aut id libero incidunt eos. Nam deleniti natus. Maiores illo sint adipisci ducimus.', 23.6, 3.5, 18.5, 445, 1986, 8771, 3680),
(3972, 'Consequatur mollitia magnam', 'english', 'Eligendi est possimus. Eos laborum harum dolor eos et voluptatem libero. Aut vitae adipisci reiciendis odit suscipit vel. Ducimus repellendus est consequatur odio.', 25.8, 4.4, 24.3, 314, 1999, 806, 1054),
(7217, 'Suscipit voluptates voluptatum', 'armenian', 'Voluptatem provident earum non excepturi aut perspiciatis nulla. Eos quo eaque vitae quia. Tempore voluptatum ea perferendis molestiae earum minus ab.', 16.0, 1.2, 34.2, 982, 1975, 7521, 3560),
(3033, 'Alias rerum optio expedita', 'chinese', 'Qui blanditiis et veniam modi. Expedita omnis et. Libero omnis est unde in voluptatem optio assumenda. Eos beatae totam qui.', 6.6, 3.8, 7.0, 795, 1973, 290, 3560),
(1135, 'Iusto consequatur ullam nihil', 'polish', 'Eveniet vel ad. Omnis ut laborum non perferendis. Doloremque eveniet hic quibusdam ab aliquid.', 29.8, 4.8, 20.6, 32, 1988, 8361, 691),
(1093, 'Quibusdam odio recusandae esse', 'portuguese', 'Deserunt aut aut quia aliquam quis maiores. Ad aut repudiandae ut voluptatum. Assumenda et est. Perspiciatis non explicabo.', 32.3, 4.8, 8.7, 560, 2015, 4311, 3560),
(1584, 'Dignissimos tempore minima assumenda', 'arabic', 'Corporis ipsum aut aut mollitia error aut non. Aut suscipit magnam debitis cumque earum error excepturi. Laborum doloribus expedita veniam vel perferendis. Eveniet ullam culpa.', 24.3, 3.6, 17.7, 762, 1974, 6024, 8138),
(792, 'Sed ut ullam', 'french', 'Pariatur nemo fuga minus qui veritatis. Enim voluptatum consequatur libero. Ut et ut libero explicabo ut.', 31.3, 2.8, 9.0, 490, 2018, 4043, 8476),
(8077, 'Sed explicabo recusandae ut', 'english', 'Dolor officiis inventore excepturi. Autem incidunt quibusdam id quo mollitia. Aperiam voluptatem voluptatibus. Et corporis rerum suscipit sunt enim.', 14.6, 4.7, 9.6, 127, 1972, 2938, 4906),
(2008, 'Eos omnis eaque', 'english', 'Maxime omnis placeat dolorem nesciunt nobis blanditiis corporis. Sint illum enim officia eligendi exercitationem. Dolores et voluptates accusamus ut non ut. Accusamus voluptatem vitae mollitia corporis reiciendis expedita. Voluptatem rerum beatae voluptatem qui.', 15.8, 2.7, 19.5, 892, 1987, 4645, 8476),
(7216, 'Facilis praesentium autem', 'armenian', 'Aut culpa sit. Est unde sit. Quod nobis eius et exercitationem eum quisquam.', 9.8, 1.8, 29.0, 268, 1993, 2401, 8138),
(7726, 'Animi asperiores quam omnis', 'portuguese', 'Sed et voluptatem perferendis. Et omnis non beatae vero. Est voluptatibus nulla temporibus delectus sit ducimus. Necessitatibus consequuntur omnis qui sed.', 20.8, 2.0, 15.1, 148, 2001, 2857, 6906),
(8962, 'Qui odio natus', 'french', 'Voluptatem odio in. Iste aut asperiores reprehenderit dolor modi minus voluptas. Animi rem fugiat velit.', 20.3, 3.0, 19.5, 768, 1978, 2539, 6613),
(3090, 'Aut reiciendis est consequatur', 'russian', 'Et velit sed consequatur. Nihil deserunt quae. Beatae quaerat molestias voluptas illum adipisci. Optio sunt itaque suscipit et fugiat quis. Adipisci eum similique nam et.', 27.1, 3.9, 16.7, 20, 1991, 9790, 6613),
(725, 'Ut voluptatem non', 'french', 'Animi esse esse doloremque non eos minus voluptatum. Quis quam cum. Consequatur labore et sunt laudantium eum commodi.', 8.7, 3.2, 21.2, 174, 2018, 7752, 4906),
(69, 'Laborum voluptatum id reiciendis', 'english', 'Dolores tempore ullam distinctio nihil repudiandae. Provident alias quaerat minus velit vel iure earum. At illum adipisci libero.', 17.5, 3.6, 12.5, 810, 1990, 8308, 3680),
(764, 'Fugiat vel qui sint', 'portuguese', 'Dicta quaerat amet eaque consequatur voluptatem. Praesentium explicabo esse voluptas id sunt. Perspiciatis fugit magnam est perspiciatis. Inventore possimus est. Ut harum dolor.', 18.7, 1.1, 19.4, 546, 2003, 3241, 6906),
(9217, 'In velit sit', 'armenian', 'Et atque delectus veritatis esse. Voluptatem mollitia maiores veniam et repudiandae. Excepturi provident nostrum in. Ex accusamus fugit adipisci corporis.', 19.0, 2.6, 6.1, 460, 2016, 2938, 1575),
(2594, 'Qui earum ex nobis', 'arabic', 'Velit aut dolor aperiam deserunt. Deserunt ut velit laboriosam impedit molestiae quo. Dolore deserunt in.', 15.0, 1.5, 26.1, 239, 2012, 3241, 8476),
(7902, 'Velit facere est aut', 'portuguese', 'Quibusdam expedita consequatur earum sit maxime. Perspiciatis ipsum accusantium voluptates corrupti minima ut. Eius culpa fuga dolores aut repellat ad.', 26.7, 2.7, 18.2, 217, 2002, 1602, 8138),
(4827, 'Laboriosam quis id autem', 'urdu', 'Omnis iure fugiat et aut animi eos. Aliquid tempora occaecati inventore et. Eum veritatis quaerat nemo. Iure qui laudantium itaque fugit aut dignissimos. Dolore quibusdam itaque aut qui vel incidunt iste.', 29.9, 2.6, 28.8, 717, 1992, 8308, 6906),
(7847, 'Qui commodi fugiat', 'ukrainian', 'Harum vero voluptatem ut totam error et similique. Nisi voluptas maxime nisi veniam ipsam aut. Voluptas velit minus omnis tenetur.', 24.8, 4.0, 19.4, 214, 2014, 7521, 691),
(9732, 'Libero id ut', 'polish', 'Accusantium autem qui magnam nesciunt. Et libero non dolor provident quidem sunt. Dolorem dolores qui quia deserunt fugiat. Sequi dolorum facilis non.', 11.2, 2.7, 23.0, 947, 2012, 7003, 8168),
(5654, 'Unde et consequatur', 'french', 'Aperiam consectetur ut ratione et aut. Quasi sint quia inventore molestiae harum. Consequatur atque quibusdam aut omnis. Repellendus illo nemo molestiae debitis. Aspernatur laudantium perspiciatis voluptatem.', 33.5, 5.0, 19.7, 727, 1973, 290, 1121),
(5025, 'Alias sed blanditiis', 'chinese', 'Sint dolorem autem. Voluptatum tempore eos saepe ut maxime sapiente impedit. Consequatur officia quod excepturi quae dolorum.', 8.0, 3.1, 24.6, 470, 1982, 4043, 691),
(1945, 'Tempore a alias qui', 'english', 'Veritatis sit nisi est saepe cum eligendi. Sunt ab quod et consequuntur deserunt. Enim rerum provident voluptas eius sequi. Et maiores est excepturi quia quo minus quos. Distinctio sint totam perferendis ut dolores id recusandae.', 18.9, 3.5, 13.0, 149, 1982, 9733, 6906),
(2461, 'Voluptas dolores dolorem', 'croatian', 'Qui fugiat necessitatibus itaque iste. Nihil enim totam explicabo. Sit eos vero. Error corporis molestiae tempore quam aliquid et. Vero et omnis tenetur expedita ut temporibus ullam.', 12.1, 2.2, 19.2, 944, 1979, 3021, 6906),
(5041, 'Deserunt tempora eos doloremque', 'ukrainian', 'Voluptates quidem consequuntur sed autem delectus sit. Et eaque odio laudantium ut et. Corrupti doloremque maiores omnis est enim odio sint.', 21.6, 1.0, 27.9, 966, 1993, 7752, 691),
(3523, 'Impedit dolor eos', 'portuguese', 'Nihil harum fuga tempora qui. Ut officia ut earum explicabo consectetur. Cumque quam vitae nostrum. Et consequuntur sint enim. Inventore porro perspiciatis non ipsum.', 9.1, 2.8, 23.4, 297, 1997, 8771, 1575),
(5470, 'Ut ut exercitationem velit', 'german', 'Qui et qui quia ratione. Accusantium unde quia nihil quod hic quia. Ipsum dolorem ut. Ea repellendus corrupti quo eos quos eum praesentium. Molestias quidem quia officiis.', 8.7, 1.6, 21.8, 926, 2018, 7936, 6613),
(7898, 'Et facilis veritatis', 'polish', 'In sit repellat nisi est quia et ut. Rem maiores laborum velit. Quia dolorem maxime aperiam. Vel cum pariatur reiciendis eum.', 28.8, 2.5, 19.6, 168, 2016, 9224, 1575),
(8371, 'Excepturi cum quia voluptatum', 'portuguese', 'Omnis porro voluptatibus nostrum dolores. Et quos dicta culpa et voluptates praesentium. Corrupti dicta qui hic ducimus sit et. Rerum ipsa at voluptates consequatur eius.', 12.0, 2.0, 19.8, 633, 1984, 7003, 6906),
(2623, 'Animi ea qui', 'german', 'Rerum ut quidem nostrum autem. Velit maiores alias. Eum hic sed facere debitis non quibusdam. Velit nulla cumque delectus et id est labore. Omnis sed ducimus tenetur consequuntur similique qui nihil.', 11.6, 2.7, 14.4, 16, 2000, 133, 1575),
(4836, 'Dolores aut sequi', 'russian', 'Cumque sunt vel eos enim. Unde et aut nam delectus at ut. Porro nihil consectetur tempore velit. Officiis dolorem omnis aut.', 22.4, 2.1, 5.4, 267, 2011, 8771, 8168),
(8616, 'Labore omnis quia qui', 'urdu', 'Quas facere et quia sapiente. Odio dolores doloribus laboriosam accusamus ratione. Nulla necessitatibus hic enim. Qui eos ut itaque voluptatem omnis voluptatem.', 14.9, 3.9, 8.4, 589, 1981, 2499, 8476),
(2550, 'Quis commodi aut', 'spanish', 'Libero libero molestias omnis aut id. Quia eos aut. Et similique harum officia. Et molestiae illo odio facere enim. Consequatur quis voluptatibus nulla.', 31.9, 4.3, 16.3, 665, 1979, 4311, 8168),
(4186, 'Deserunt vero architecto necessitatibus', 'german', 'Ut cupiditate quis neque enim sapiente aut iure. Optio amet neque ut. Quia excepturi et consequatur velit. Non velit ut qui.', 24.5, 4.3, 17.3, 24, 1977, 3021, 8168),
(997, 'Fuga cupiditate repellat', 'farsi', 'Magni nesciunt nulla. Sunt expedita quis. Hic occaecati eveniet nemo ut quos unde est. Incidunt rerum non aut laborum. Neque labore qui recusandae ut quasi earum numquam.', 14.9, 4.8, 31.4, 664, 1987, 8771, 691),
(6476, 'A rerum ratione', 'russian', 'Minima illo in consectetur cum voluptatem odit consequatur. Ut sed praesentium. Et nemo ipsam sint. Vel nisi nesciunt. Impedit omnis est fuga aperiam odio facilis minus.', 19.4, 4.9, 11.1, 708, 1976, 1518, 4648),
(9734, 'Quae est sed vitae', 'belorussian', 'Voluptas nihil ex quidem rerum aut omnis. Eveniet consequatur voluptas reiciendis. Ut quia aut ut sit. Voluptatem suscipit quis ipsum. Veritatis ad sapiente aut quia aliquam modi aut.', 17.9, 1.2, 17.7, 275, 2015, 1602, 4311),
(138, 'Accusamus assumenda nisi', 'urdu', 'Nihil qui eveniet est eum. Sint at autem suscipit corrupti fuga. Autem quia dolorum deserunt voluptatem impedit sint. Rerum quos ipsa beatae quos et consequuntur perferendis. Quo aut dolorum qui eum quia est.', 5.8, 4.7, 18.1, 69, 1992, 290, 8168),
(6524, 'Nostrum quas ipsa rem', 'croatian', 'Excepturi excepturi expedita numquam. Minima ducimus quam vero sint. Velit odio rerum dolorum magni excepturi iure.', 27.9, 1.2, 5.9, 942, 2000, 8771, 6906),
(2868, 'Consequatur vitae tenetur', 'french', 'Ipsum officiis voluptatum minima. Tempore cum rem beatae provident dolores laboriosam et. Assumenda consequatur sed. Aperiam ea adipisci molestiae dolorum.', 10.4, 1.8, 18.7, 768, 1988, 6645, 1121),
(6645, 'Nulla magni nisi', 'french', 'Quam quis qui quia maxime vitae alias. Ut itaque adipisci iste omnis autem est sint. Molestiae quasi porro repellat.', 17.2, 2.7, 29.8, 355, 1980, 4697, 4648),
(2804, 'Et est delectus delectus', 'french', 'Eveniet harum qui qui repellendus. Omnis deserunt qui corrupti ullam. Doloremque quisquam deleniti aliquam et asperiores est nihil. Voluptatem rem at iusto maxime. Qui vero pariatur modi vero explicabo laboriosam.', 33.7, 3.1, 30.9, 148, 1985, 1602, 1054),
(6183, 'Rerum atque adipisci quidem', 'ukrainian', 'Molestias vel incidunt modi commodi velit molestiae. Ut dolorem quod. Deleniti et veritatis sequi.', 9.5, 2.9, 14.9, 267, 1990, 6024, 1575),
(2808, 'Rerum perferendis voluptatibus', 'croatian', 'Quisquam et aliquam dolor. Eum ratione ut laudantium. Ut sint molestias similique. Distinctio nihil minima.', 26.8, 4.8, 27.9, 919, 1970, 9224, 3680),
(2206, 'Qui ea dolor', 'french', 'Consequatur suscipit maxime quia facere praesentium aliquid sit. Sint laborum velit. Vel illo reiciendis nulla aspernatur. Architecto alias ea labore deleniti sint. Ullam nihil blanditiis enim reprehenderit.', 26.2, 2.1, 31.6, 817, 1980, 807, 1136),
(6643, 'Ullam laudantium ratione fugit', 'polish', 'Eum ipsam rerum blanditiis et. Ut suscipit molestiae et fugit maiores sit. Sint labore maiores et hic. Iure incidunt blanditiis perspiciatis ut.', 15.3, 2.3, 12.0, 899, 1988, 8361, 8168),
(9623, 'Assumenda recusandae iure debitis', 'english', 'Quaerat sit odit eum. Velit voluptatem voluptates fugiat aut assumenda quis ad. Quasi accusantium et voluptatibus quia aliquam. Sunt consequatur magnam corporis commodi. Id deserunt qui repudiandae dolores.', 24.5, 3.3, 30.6, 803, 1990, 6980, 8476),
(1779, 'Nobis assumenda nesciunt minus', 'polish', 'Mollitia maiores nulla totam. Ipsam numquam reprehenderit quidem rerum. Natus et voluptas est aut deleniti in.', 12.8, 1.5, 33.4, 443, 1976, 4326, 3560),
(9191, 'Ipsum repellat laudantium', 'russian', 'Consectetur dolorem aut est non nihil labore rem. Fugiat deleniti quo debitis odio consequatur. Doloribus necessitatibus quis debitis. Et illo reiciendis dolorem et. Id necessitatibus sunt reprehenderit corrupti ratione.', 8.1, 4.1, 6.0, 178, 1983, 2938, 8476),
(5464, 'Dolore in et', 'french', 'Nihil consequuntur adipisci dolorem magni pariatur cupiditate. Quaerat quo ex eum. Est qui quia. Recusandae numquam quo sed totam labore incidunt. Sint dolore nihil et fugit reprehenderit.', 17.5, 4.7, 28.3, 287, 1994, 7003, 8138),
(5231, 'Nihil sed pariatur hic', 'german', 'Ut nesciunt et. Adipisci debitis ullam quidem eum optio. Velit possimus inventore ad. Odio nobis magni repudiandae. Autem culpa et accusantium.', 29.4, 4.6, 11.8, 103, 1985, 4326, 8476),
(3104, 'Similique dolorem qui a', 'russian', 'Quia voluptas doloribus nihil. Dolorem quia iusto voluptatem aliquid. Earum qui reprehenderit laborum nihil sed et numquam. Eos placeat enim ipsam eaque eligendi temporibus quos. Hic aut sunt.', 31.7, 2.2, 7.2, 706, 1980, 8308, 8476),
(3105, 'Et unde est', 'arabic', 'Illum ducimus repellat. Et aliquid impedit provident ut. Accusantium ut doloribus recusandae maiores dolores cumque.', 10.2, 4.4, 9.3, 885, 1992, 1639, 6613),
(2945, 'Praesentium impedit aspernatur quibusdam', 'french', 'Odio maxime at autem autem. Accusantium aut non voluptas ad et fugiat maiores. Numquam ut unde ducimus. Quo pariatur dignissimos molestiae pariatur. Odit deleniti odio deleniti non autem omnis id.', 31.2, 1.4, 7.5, 85, 2004, 2401, 691),
(2712, 'Labore consectetur voluptatum qui', 'french', 'Ea delectus vero consectetur explicabo distinctio nulla corrupti. Error cumque similique ut maxime explicabo iste. Enim saepe molestias dignissimos quia. Qui non placeat quis suscipit voluptatum.', 11.9, 1.7, 31.4, 143, 1984, 6199, 8476),
(8297, 'Consequuntur aut beatae deleniti', 'belorussian', 'Ut quis nulla tenetur similique. Ad soluta consequatur beatae ratione consequatur. Maiores voluptatibus nemo nisi maxime. Corrupti ipsum nam sit ratione culpa animi omnis.', 31.0, 1.7, 14.2, 20, 2002, 3049, 8138),
(7300, 'Reprehenderit qui quibusdam', 'belorussian', 'Voluptatem unde architecto. Impedit rerum consequuntur quam temporibus sed velit. Blanditiis asperiores repellendus. Et magni adipisci.', 18.6, 1.6, 7.4, 583, 1996, 290, 1136),
(1795, 'Dolorem beatae et', 'urdu', 'Nulla natus quia. Quidem quia ipsa quia. Nam explicabo soluta. Ratione dolores a omnis tempore voluptatum.', 17.8, 4.7, 32.6, 475, 1999, 806, 6613),
(9615, 'Et dolores voluptas mollitia', 'russian', 'Ut aliquid deleniti totam magnam. Quis vel deleniti qui mollitia sequi labore esse. Ea omnis reprehenderit voluptas quae.', 31.5, 3.3, 32.2, 362, 2014, 133, 4311),
(6128, 'Voluptas et id excepturi', 'french', 'Consequuntur eum velit eveniet qui itaque. Vel ut recusandae qui. Blanditiis et labore.', 32.8, 3.1, 28.2, 746, 1988, 8361, 1054),
(2629, 'Cumque voluptatibus ducimus unde', 'french', 'Id aspernatur sunt. Perspiciatis voluptate nulla nesciunt aut. Et culpa aut necessitatibus ut autem numquam.', 34.3, 2.0, 8.5, 647, 2011, 2857, 4906),
(530, 'Eligendi ut deleniti', 'french', 'Quia et id est in quia qui. Blanditiis aspernatur magnam. Eum maxime necessitatibus voluptatem. Corporis sint temporibus nihil alias. Maiores non distinctio ratione.', 15.5, 4.0, 10.5, 773, 2013, 2034, 4906),
(4509, 'Ut consequatur aut incidunt', 'french', 'Excepturi quibusdam quos voluptate possimus et minima. Rerum ipsum et rerum. Quia est quia harum laborum. Quisquam et fugit reprehenderit iure.', 16.9, 1.8, 24.9, 766, 1979, 4697, 4648),
(5400, 'Tempore sunt vel', 'russian', 'At qui quibusdam. Voluptatem aut vel et. Qui nihil eos ipsam quibusdam ut.', 7.0, 2.6, 22.1, 196, 1983, 1602, 1136),
(5277, 'Consequatur repudiandae ex enim', 'belorussian', 'Debitis eos iusto nisi consequatur ab voluptatum. Est nihil quis earum sint eum. Eligendi ipsa eos dolores sequi. Porro corporis est quisquam sed architecto non delectus. Repudiandae molestiae beatae sit cumque.', 17.9, 4.4, 25.3, 932, 2002, 7891, 4311),
(3440, 'Dolor sed enim quas', 'urdu', 'Ipsum praesentium quis cumque aliquid. Fuga sed ipsam porro aliquam neque. Ex nobis optio error.', 14.3, 2.3, 7.4, 497, 1990, 3552, 3560),
(2851, 'Fugit cumque unde quae', 'ukrainian', 'Aut commodi sit aliquid qui delectus. Consequatur saepe tenetur sit veniam ut qui. Laboriosam quibusdam quia accusantium repudiandae sequi aut est. Aut rerum sint nemo earum consequatur quia eaque.', 22.1, 3.4, 27.6, 835, 1983, 1003, 1054),
(8922, 'Mollitia repudiandae est est', 'polish', 'Optio enim nostrum vel maxime voluptatem explicabo ea. Et ea aut ducimus. Fugit ex sequi repellat vero aut voluptatem.', 9.7, 2.7, 29.3, 296, 1970, 7936, 4648),
(4326, 'Similique suscipit magni', 'ukrainian', 'Eum debitis magni dolore nihil voluptas impedit molestiae. Ea deleniti facere voluptatibus accusamus. Occaecati sed in. Est odit eligendi vel. Enim totam at vero.', 10.0, 3.2, 15.2, 492, 1976, 6645, 1121),
(5981, 'Ut non nihil ea', 'ukrainian', 'Totam ullam qui. Ut occaecati at fugit necessitatibus nostrum voluptate. Alias quidem maiores pariatur illo qui qui et.', 21.1, 4.3, 9.5, 723, 1972, 6199, 1121),
(445, 'Dolorum assumenda eaque quasi', 'russian', 'Quia quis quam. Architecto tempore voluptas molestiae sed. Ducimus vel fugiat assumenda. Eveniet perspiciatis qui quis voluptatibus placeat.', 28.1, 2.8, 20.7, 61, 1986, 7891, 3560),
(1121, 'Fugit voluptas inventore nam', 'chinese', 'Ipsa voluptatem nulla. Corporis autem ut reiciendis et. Reiciendis natus at eum cumque.', 29.5, 4.4, 30.2, 78, 1989, 4645, 4648),
(8339, 'Nobis exercitationem sit', 'polish', 'Molestias saepe minus aut. Et rem officia possimus at fuga veniam illum. Vitae iusto atque dolore. Omnis et incidunt dignissimos blanditiis autem sit voluptatem.', 13.3, 3.9, 15.8, 50, 1986, 4311, 6906),
(7321, 'Porro excepturi quaerat aut', 'farsi', 'Quas et magnam natus. Corrupti molestiae rerum minus sed velit consequatur. Perspiciatis ad laborum cum aut iusto. Officiis non esse alias sapiente.', 27.3, 2.5, 6.6, 114, 1988, 2034, 1121),
(4357, 'Est cum voluptas', 'german', 'Vero occaecati quia laborum consequatur. Culpa omnis veniam quo qui molestiae eveniet nemo. Beatae iusto voluptate repellat. Sunt tempora voluptatem aut. Atque sit adipisci voluptatem aut.', 11.4, 4.4, 10.9, 465, 2001, 4311, 6613),
(2539, 'Consequatur doloribus voluptatem', 'arabic', 'Iure ducimus et sit assumenda rerum sunt cum. Quas deserunt eos architecto eum. Voluptatem suscipit qui. Et commodi eum quis id ut in esse. Tempora voluptas accusantium officiis.', 29.4, 3.0, 31.7, 12, 1981, 1639, 3680),
(4477, 'Error sit neque sed', 'portuguese', 'Quia sunt et ipsa similique et aut. Sunt necessitatibus itaque odit dolor. Placeat illum debitis quis mollitia. Labore doloribus quis expedita et ratione.', 14.3, 4.9, 12.3, 246, 2004, 9224, 8138),
(7805, 'Sed suscipit omnis reiciendis', 'belorussian', 'Quo labore et voluptate et. Modi cum exercitationem quisquam unde. Optio nihil odio quia. Vel quod repellendus facilis facere ea sed saepe. Quia sequi id harum.', 33.9, 4.8, 26.1, 165, 1985, 6645, 3560),
(9233, 'Occaecati quae sed', 'arabic', 'Architecto ea corporis voluptatem non. Cum quia assumenda aut cupiditate consectetur et qui. Sit hic consequuntur. Rerum ipsa veritatis nostrum est velit. Amet ad ut voluptatibus molestias doloremque.', 10.0, 1.1, 7.9, 609, 1989, 4043, 6613),
(5596, 'Id quidem et', 'portuguese', 'Nihil excepturi doloremque rerum autem. Repellendus quibusdam necessitatibus est omnis est. Qui ab molestiae molestiae tenetur. Eius ducimus ut aut veniam nihil harum. Pariatur eos sit.', 5.9, 4.0, 19.4, 930, 2003, 8246, 1121),
(5772, 'Pariatur hic ipsa aut', 'farsi', 'Et sit sit corrupti ea voluptatem. Blanditiis tempora sit sit amet saepe autem. Enim voluptatem quo voluptatem vel ipsum maiores. Culpa voluptatem saepe illo. Enim laboriosam sed.', 15.9, 2.9, 6.4, 703, 1993, 4043, 6906),
(7941, 'Inventore eum velit', 'arabic', 'Doloribus error eos facilis dicta nesciunt quibusdam. Odit sapiente aut facilis eius consequatur. Dolorum odio eos iure alias. Id aperiam ullam voluptatem iure ut eos blanditiis.', 24.7, 4.4, 26.8, 205, 2012, 7752, 4906),
(7558, 'Nesciunt rerum ducimus', 'german', 'Sapiente voluptatum sint dolor vitae enim. Veritatis perferendis nostrum consequatur dolores. Quaerat molestiae eos. Est voluptatem enim.', 27.5, 2.3, 7.8, 42, 1983, 6645, 4311),
(9624, 'Alias qui dolores modi', 'english', 'Suscipit quas qui corporis fugit. Officiis qui tempora quasi id omnis. Maiores recusandae temporibus atque voluptatem atque possimus sunt.', 16.9, 3.0, 22.7, 377, 2009, 7752, 3680),
(2434, 'Odio et tempore omnis', 'russian', 'Sed tempora ea. Repellat et vero vero ut veniam maiores enim. Debitis officiis et aut nobis earum minus. Totam porro ullam totam veniam. Soluta rerum adipisci.', 26.4, 1.2, 33.3, 76, 1979, 3974, 3680),
(5716, 'Ullam molestias assumenda doloremque', 'portuguese', 'Quia assumenda enim. Fugiat magnam modi dolor et. Pariatur doloribus expedita animi quod est eaque illo. Aut eum non at labore ad ut sed. Ut nulla magni voluptas praesentium sunt sit sit.', 5.5, 1.7, 6.7, 630, 2016, 2857, 4311),
(7520, 'Pariatur quia laborum sit', 'armenian', 'At ut sit voluptas. Vitae quos suscipit ut eos hic qui sapiente. Officiis deserunt aut reiciendis fugit incidunt accusamus porro. Et sed atque qui.', 16.4, 4.8, 25.0, 665, 1985, 8308, 4648),
(6795, 'Officia dolore nobis eius', 'arabic', 'Architecto et soluta nemo. Occaecati in molestias officia et. Iste qui ut aut placeat explicabo nihil velit.', 24.6, 3.4, 15.7, 681, 1998, 6199, 1121),
(8859, 'Perferendis veniam ad', 'urdu', 'Omnis nam et et ut ratione. Dolorem vel quam omnis consectetur. Nesciunt dolor suscipit repellat facere aperiam.', 20.6, 1.0, 23.2, 61, 1997, 3241, 1121),
(9873, 'Expedita magni ea', 'urdu', 'Et nisi quo. Molestiae animi quia in et eum. Tempore quia mollitia vero sunt incidunt iste dolore.', 9.3, 4.3, 25.6, 925, 1972, 3049, 691),
(8094, 'Beatae aliquam maiores vel', 'farsi', 'Qui recusandae neque. Ad consequatur quia corrupti quia repellendus. Et possimus neque.', 34.0, 2.7, 34.5, 28, 1985, 9224, 6906),
(6700, 'Recusandae in debitis', 'armenian', 'Suscipit facilis sed alias sequi sunt expedita et. Omnis vitae aut animi nesciunt doloribus ipsa autem. Asperiores eaque dolores assumenda suscipit delectus. Non ipsum ut quia commodi quae qui. Adipisci ad provident alias corporis aut.', 8.0, 3.1, 13.6, 595, 1987, 2401, 3560),
(1763, 'Quo explicabo iusto accusamus', 'polish', 'Consequatur quae aspernatur perspiciatis. Velit recusandae facilis qui in quod sapiente est. Quod excepturi unde quos sit. Dolor accusamus laborum ipsam possimus nulla. Nemo consequatur quia non quibusdam.', 28.6, 1.4, 18.5, 92, 2000, 9224, 8168),
(3743, 'Aspernatur est tempore', 'ukrainian', 'Omnis rerum id impedit eum cum eveniet dolores. Labore molestiae eos. Qui voluptatem esse odio eum. Qui dolor qui veniam nesciunt eligendi beatae. Aperiam blanditiis dolorem.', 27.3, 1.4, 20.7, 89, 1990, 4697, 691),
(6151, 'Reprehenderit cumque dolores soluta', 'arabic', 'Reprehenderit occaecati magnam soluta rerum. Dolorem sit veniam consequatur cupiditate aut ut. Eaque eius consequatur non quia voluptatem. Dolores tempore quia minima omnis. Tenetur animi laborum sapiente voluptatem molestias.', 31.7, 2.0, 30.4, 249, 2014, 7003, 6613),
(5066, 'Dolorum suscipit corrupti non', 'ukrainian', 'Consectetur maxime ut laborum veniam et molestiae incidunt. Cupiditate ipsam alias sunt ab debitis. Aut iste omnis. Sunt voluptas tempore voluptas magni est. Assumenda expedita et veritatis.', 24.8, 3.8, 14.2, 911, 2004, 6188, 1054),
(3356, 'Et nulla aliquid itaque', 'farsi', 'Id possimus velit. Magni eaque et et culpa ea eum. Et et dolorem accusantium velit praesentium odio excepturi.', 13.1, 2.3, 29.4, 539, 1994, 2938, 8138),
(8286, 'Eaque optio odit', 'ukrainian', 'Autem officia atque velit autem voluptates mollitia iure. Delectus et dolorem non. Quo quia qui est eos eligendi veritatis. Aliquid ut est aliquam quasi.', 31.5, 2.6, 33.3, 576, 1985, 2938, 4906),
(4656, 'Sed error eum', 'portuguese', 'Velit optio est doloribus occaecati odit necessitatibus aut. Id molestias aliquam odio deleniti ullam ut. Libero architecto voluptatum et. Perferendis et ut sit. Corporis praesentium minus soluta ut quo.', 7.2, 1.8, 11.6, 697, 1997, 1602, 691),
(1294, 'Sed est rerum', 'belorussian', 'Sint inventore odio provident. Rerum sunt aspernatur quos quia quam aperiam soluta. Fuga autem sed amet praesentium accusamus. Sunt exercitationem amet.', 28.6, 3.8, 6.3, 46, 1991, 7003, 1121),
(8048, 'Itaque recusandae laudantium', 'croatian', 'Nihil omnis inventore et temporibus enim. Eum atque ipsum assumenda quasi debitis velit. Ad qui tempore velit occaecati quia. Vero esse voluptas molestias perferendis non rem.', 7.3, 1.4, 33.4, 188, 2013, 3974, 1121),
(4495, 'Consequatur quibusdam illo aut', 'ukrainian', 'Perferendis id expedita. Eius qui eos. Ducimus minus vel cum laboriosam. Nulla consequatur laborum. Quo ex praesentium dolore voluptatem.', 16.4, 1.3, 11.2, 903, 1997, 9790, 1121),
(107, 'Sunt odit dolorem', 'english', 'Esse numquam inventore recusandae ut sequi repudiandae incidunt. Cupiditate id atque quo expedita qui. Et dignissimos asperiores illum ut voluptatem fuga.', 15.1, 4.6, 8.8, 394, 1981, 8308, 1575),
(2965, 'Eveniet earum numquam', 'farsi', 'Qui voluptatum blanditiis ratione odit labore a nemo. Animi quo perferendis nulla. Alias omnis error. Amet ipsam sed iusto fuga illo nostrum dolor.', 7.7, 1.4, 18.6, 492, 1974, 807, 4906),
(4734, 'Officiis commodi hic', 'english', 'Dolores cum deserunt ab. Corporis labore repellendus. Aperiam necessitatibus velit labore aspernatur ut. Numquam quia voluptatem consequatur aperiam.', 10.9, 4.7, 22.5, 295, 2011, 807, 3680),
(1864, 'Adipisci ut ut', 'farsi', 'Minima itaque voluptatem nostrum consequatur. Non dolor ut. Reiciendis dolorum officia. Error tenetur voluptas. Sint sit deleniti.', 28.8, 3.9, 11.0, 155, 1980, 1639, 1121),
(632, 'Illo sed dolore', 'arabic', 'Nihil voluptatem consequatur laudantium reiciendis. Sit dolorum distinctio. Dolores animi quae qui enim voluptatem. Optio harum nemo officiis qui neque dolorem. Qui repudiandae enim cumque cupiditate quo vero nihil.', 31.4, 4.7, 28.5, 23, 1976, 4311, 4906),
(769, 'Autem aut eos', 'spanish', 'At sit ea similique iure non debitis temporibus. Laudantium et odit inventore ullam fuga sed architecto. Numquam animi et enim blanditiis. Delectus saepe necessitatibus repellendus. Animi cumque laboriosam.', 13.0, 4.8, 21.6, 291, 2009, 8384, 1054),
(7398, 'Impedit suscipit dolores', 'spanish', 'Maxime esse doloremque non molestias rerum optio inventore. Cum rerum ut velit a corrupti ipsa quo. Rerum error ut officia. Consequatur animi voluptate dignissimos veritatis sint ea fuga.', 18.5, 1.1, 14.4, 295, 1994, 1602, 1121),
(9733, 'Magnam dolorem earum', 'spanish', 'Fugiat quisquam enim inventore id facere tempora expedita. Quo beatae cumque beatae earum porro fugiat. Eos nam repellat et fuga aliquam vel voluptatem. Nostrum ratione earum id ex hic.', 19.6, 1.1, 28.1, 391, 1973, 6188, 8476),
(9456, 'Nisi alias eaque accusamus', 'portuguese', 'Nesciunt non ullam quis ad aut fuga. Totam perferendis ut est distinctio. Amet beatae asperiores illo sit libero accusamus. Rerum et modi praesentium. Vel quia quae nobis tempore illo.', 9.2, 3.0, 24.5, 906, 1996, 6645, 8476),
(5407, 'Perferendis ex pariatur vel', 'english', 'Culpa voluptatem qui mollitia. Necessitatibus dolor ipsum aut est et ex dolorem. Accusantium similique nemo quia. Facere a delectus. Ut quasi esse quam libero recusandae consectetur.', 5.2, 1.5, 9.0, 484, 2016, 8308, 691),
(5659, 'Facilis voluptas officia', 'polish', 'Quis odio doloribus cum adipisci. Quia voluptatem qui. Deleniti sit possimus.', 11.6, 4.6, 14.4, 790, 2003, 2072, 1136),
(6653, 'Et quo harum', 'portuguese', 'Officiis laudantium pariatur est eaque. Delectus autem ut. Commodi voluptatum iure et vero. Iste eos impedit eos amet et illo et.', 31.6, 3.5, 6.9, 529, 1983, 5406, 4906),
(1286, 'Unde molestias animi', 'belorussian', 'Veniam est rerum doloribus voluptatem occaecati id. Doloribus minima maiores sed et. Voluptatem mollitia quos at eum aut sed amet. Aut est sit libero. Doloribus incidunt beatae aspernatur est.', 6.0, 3.9, 5.2, 456, 1970, 7003, 1121),
(2014, 'Ipsa ipsum occaecati sapiente', 'urdu', 'Et at iusto hic eos. Eum excepturi corporis qui iste. Qui consequatur eius accusantium accusamus nostrum. Et et voluptatibus eveniet pariatur beatae excepturi id. Quo consequatur vel expedita facere.', 20.6, 4.6, 23.5, 199, 1983, 2857, 691),
(1611, 'Quos ut facilis', 'belorussian', 'Voluptatem tenetur totam dolore ipsum dolores voluptatem necessitatibus. Dignissimos aut ullam et illum soluta officiis molestiae. Et earum ullam magni. Et nobis ut enim pariatur nesciunt molestiae nulla.', 13.8, 1.5, 14.0, 850, 1990, 2034, 1054),
(5420, 'Fuga eligendi saepe', 'english', 'Voluptatum laboriosam beatae iure adipisci id debitis. Maiores molestiae doloribus in vel illum. Est quis sunt minima dolorem aut nobis voluptas.', 23.7, 4.9, 9.7, 491, 2018, 2401, 1136),
(2484, 'Ut explicabo fuga', 'chinese', 'Omnis et ut qui molestiae. Illo hic nisi harum nisi laborum molestiae officiis. Ut officiis et expedita dolore.', 12.6, 4.8, 7.5, 581, 1996, 3552, 3560),
(6790, 'Et repellendus magnam', 'german', 'Animi nesciunt omnis dignissimos quas eius qui. Consectetur ratione dolor laudantium. Ab deleniti id provident quia commodi labore atque. Non earum at doloribus. Tempora sed temporibus.', 5.3, 4.7, 16.9, 969, 2016, 3021, 1136),
(3159, 'Vel reprehenderit minima', 'arabic', 'Exercitationem tenetur reprehenderit porro officiis aut ex. Rerum molestias a sunt asperiores assumenda eveniet. Enim consequuntur similique fuga laborum enim dolores id. Omnis quia voluptatum iusto.', 23.5, 4.1, 11.2, 244, 2018, 2539, 1121),
(7908, 'Exercitationem consectetur ab', 'french', 'Quia iste neque veniam et sed autem. Incidunt sapiente ipsa. Perspiciatis voluptas excepturi velit aspernatur.', 5.8, 1.7, 21.6, 181, 1993, 6645, 1121),
(7137, 'Delectus exercitationem deserunt', 'chinese', 'Est et nulla voluptas quia sequi tenetur aut. Totam adipisci est dolorem ducimus recusandae officia. Et veritatis odit blanditiis vero maiores doloremque.', 33.3, 2.2, 14.4, 234, 2017, 9224, 691),
(8422, 'Hic modi quia', 'german', 'Fugit amet voluptatibus esse illum dicta officia. Iure iste voluptas. Delectus commodi dolorum alias.', 31.4, 1.6, 22.4, 917, 1973, 2938, 1054),
(3544, 'Porro laboriosam mollitia omnis', 'french', 'Corrupti aut illum impedit. Et ex sint. Neque vero vero voluptatem aut. Pariatur similique consectetur nulla nesciunt molestias. Doloribus rerum qui natus soluta.', 18.5, 3.2, 9.3, 660, 1980, 3049, 4906),
(3565, 'Quae fuga maxime earum', 'croatian', 'Et sunt sequi pariatur. Ex alias quos provident doloribus modi repellat nulla. Esse perferendis culpa voluptas recusandae quis voluptatum in.', 7.0, 1.8, 6.3, 265, 2005, 2499, 1136),
(3530, 'Et aliquid ex dolore', 'portuguese', 'Reprehenderit dolorum atque velit ad. Molestias natus corrupti modi voluptatum. Eaque doloribus iusto dolores. Quae tenetur sunt rerum eum suscipit. Enim perspiciatis nihil.', 23.8, 4.3, 16.8, 398, 1994, 2034, 1575),
(9054, 'Nam architecto sint sint', 'urdu', 'Ipsa beatae tenetur et ullam vero. Magni quos non qui id voluptates quaerat. Omnis non eaque ex porro sit suscipit quaerat.', 11.8, 4.6, 24.3, 262, 1981, 5406, 1121),
(7109, 'Eveniet et qui dolorem', 'armenian', 'Velit ea molestias voluptates. Beatae distinctio porro fugit qui mollitia ea. Fugiat consequuntur accusamus qui voluptatem nulla. Nihil aut nisi ut quia enim eaque. In aut molestiae cupiditate quaerat sunt ipsam.', 27.8, 3.4, 12.9, 595, 1973, 1602, 8138),
(5868, 'Animi consequatur incidunt fugiat', 'chinese', 'Velit ullam consequuntur et doloribus corrupti reprehenderit. Omnis iste sed eum. Quia ut omnis.', 27.0, 1.4, 13.5, 367, 2004, 6199, 6906),
(7281, 'At id sequi', 'arabic', 'Tempora excepturi dolorem officia a. Quis quaerat modi aut rem et ad in. Repellendus amet ex voluptas excepturi ratione nihil.', 30.5, 4.7, 25.7, 736, 1976, 8771, 3680),
(7826, 'Laborum minus dolores', 'farsi', 'In autem omnis voluptas non. Quae occaecati in sunt. Hic ad sint quod quis pariatur explicabo pariatur.', 34.3, 3.1, 9.2, 138, 1984, 2499, 8476),
(9244, 'Et eum esse commodi', 'ukrainian', 'Ut adipisci est omnis culpa ex. Occaecati aut ea voluptate voluptas repellat esse. Repellendus in nostrum voluptatum maiores.', 25.4, 4.7, 31.0, 684, 1975, 2938, 1054),
(2148, 'Ab quae dignissimos', 'russian', 'Eum dolore dolore. Quo iste perferendis. Voluptatem dolores exercitationem illo asperiores suscipit ducimus recusandae. Perferendis eligendi saepe officiis tempora dicta et est.', 27.4, 4.8, 8.5, 230, 1996, 7752, 8476),
(5005, 'Dolore ut temporibus praesentium', 'armenian', 'Laudantium dolores soluta veniam libero a voluptatem. Consectetur adipisci omnis aperiam dolorum vero autem sit. Soluta qui odio rerum. Molestiae voluptate adipisci molestiae itaque quis quo itaque. Fugit quasi animi labore id asperiores veritatis nemo.', 33.8, 4.2, 14.1, 843, 2006, 4645, 8168),
(1, 'Dicta optio et', 'ukrainian', 'Non rerum ducimus. Doloribus incidunt quas iste aspernatur vel ipsam nesciunt. Esse non delectus voluptas nobis nulla architecto. Corporis enim ut dolorem ullam doloremque est ut. Aspernatur ut porro nam provident laborum velit repudiandae.', 26.8, 3.2, 8.8, 333, 1979, 1518, 1575),
(1816, 'Fugit voluptatem fuga iure', 'urdu', 'Distinctio modi molestias commodi ut dolorem unde blanditiis. Et iusto vitae quam vero et et doloremque. Voluptatem natus magni aut.', 29.9, 1.9, 5.4, 282, 2014, 3552, 4311),
(4427, 'Illum enim nihil', 'russian', 'Quo rerum aperiam perspiciatis et odit eaque omnis. Esse voluptatum eos cum unde autem unde. Qui rerum rem ut est iusto amet.', 6.8, 3.6, 5.6, 135, 1970, 3552, 1121),
(6506, 'Perferendis eligendi deleniti magni', 'russian', 'Maiores ipsa corrupti voluptates cupiditate quia vel. Quia ratione ipsa non porro earum. Eos natus quo. Autem voluptate placeat ut excepturi voluptate ad. Magni nam laboriosam voluptates expedita qui perferendis quo.', 22.9, 1.5, 31.0, 51, 1996, 2938, 1575),
(9229, 'Voluptas sint quisquam dolorem', 'spanish', 'Nostrum quia quas reprehenderit fugit. Saepe ut nesciunt quo unde nihil a velit. Aperiam aut in ut.', 5.5, 2.8, 6.5, 979, 1971, 5119, 691),
(9180, 'Asperiores mollitia non', 'farsi', 'Dolorum qui pariatur minima. Laudantium delectus quia deserunt deserunt excepturi autem nulla. Voluptas laborum quia ut voluptatem ut. Ut inventore aliquid sunt dignissimos. Eos asperiores dolore.', 18.0, 2.6, 18.6, 513, 1972, 2920, 8476),
(8042, 'Sint voluptatem atque rerum', 'chinese', 'Tempora dolores culpa. Sit fuga placeat reprehenderit atque iure soluta. Autem aut sed ut accusamus eligendi incidunt eos. Eum nobis deleniti et fuga est. Vitae fugiat sit laboriosam.', 26.4, 2.6, 15.0, 480, 1995, 4702, 6613),
(4620, 'Ut repudiandae aspernatur eos', 'farsi', 'Et iste quasi nulla dolores quia. Perferendis soluta quia qui magni et repudiandae cumque. Repellat officia ut ab doloribus fuga minus. Corporis voluptas veniam. Quaerat possimus inventore dolor iure voluptatem cupiditate.', 32.0, 2.2, 27.1, 330, 2003, 4702, 1054),
(7349, 'Minus sed veritatis vitae', 'croatian', 'Nihil eveniet qui voluptates porro quaerat quasi rerum. Explicabo ratione dolorum cumque praesentium cum ea dignissimos. Repellat tempore esse dolor exercitationem rerum. Nihil quasi dignissimos error ab consectetur. Occaecati nam vel unde non aliquid doloremque.', 30.7, 3.5, 30.1, 203, 1987, 4702, 4311),
(8915, 'Occaecati sit assumenda molestias', 'armenian', 'Incidunt odio voluptatem omnis ut. Sed omnis non voluptates. Perspiciatis quo dolor aut accusantium et ut fuga. Quod facilis odit expedita expedita unde maiores.', 9.1, 3.1, 18.4, 616, 2012, 6188, 6613),
(6331, 'Aliquam incidunt ut', 'belorussian', 'Illum maiores alias. Recusandae ad perspiciatis nihil similique. Sed et id.', 6.7, 3.1, 15.1, 158, 2013, 290, 3560),
(1353, 'Dicta molestiae sapiente culpa', 'german', 'Aut cum velit voluptas. Laborum odio et consequatur nesciunt beatae molestias. Sint quia cum et molestiae nulla. Et qui rerum vitae dolor maxime mollitia. Cupiditate voluptas ullam recusandae.', 31.1, 3.5, 8.4, 398, 1974, 807, 8476),
(9794, 'Voluptas quos minima consequatur', 'polish', 'Molestiae vitae alias id ratione nemo. Repellendus dicta esse est consectetur iure rem sed. Delectus enim omnis necessitatibus omnis at sed. Nostrum eos sit dolorem eos eum tempore consequatur.', 12.8, 2.6, 29.8, 599, 2010, 9790, 691),
(3835, 'Eum quis dolor', 'spanish', 'Praesentium nam blanditiis tempora suscipit vitae. Nihil placeat nisi ut et. A molestias quod velit quaerat inventore autem molestias. Temporibus ipsam id. Rerum explicabo rerum sunt minima at.', 5.4, 4.8, 10.0, 244, 2012, 7521, 691),
(9311, 'Vel odit mollitia autem', 'farsi', 'Nemo velit dolores quia ut iusto inventore aut. Harum et cumque quidem eveniet vel et ducimus. Illum aliquam velit. Incidunt id ut est.', 20.2, 1.5, 29.1, 821, 1999, 7891, 691),
(8487, 'Excepturi adipisci consequatur sint', 'portuguese', 'Et qui laudantium rerum consequuntur et. Odio aut reiciendis cupiditate. Expedita officia rerum dolor. Quisquam rem eius officia facere. Expedita dolorem nobis vitae repellat molestiae neque harum.', 22.2, 3.2, 34.0, 490, 2007, 3049, 8168),
(7068, 'Qui quae quas', 'russian', 'Quis laudantium nisi vitae aperiam assumenda quo. Perspiciatis odit aspernatur eaque molestiae. Asperiores repellendus ut sequi libero eligendi doloribus. Et rerum quia asperiores ut explicabo vitae unde.', 6.5, 4.4, 5.9, 483, 1988, 8308, 6613),
(2567, 'Ut laudantium est illum', 'belorussian', 'Fugit quibusdam numquam facere eum explicabo repudiandae. Est iure praesentium aut. Sit ut sapiente ut qui repellendus placeat. Tenetur ut ipsum.', 6.9, 2.2, 29.4, 312, 1996, 2539, 1136),
(1381, 'Enim sed sit', 'german', 'Ullam eum impedit sed necessitatibus ex sapiente. Impedit expedita rerum officia. Laudantium debitis et. Vero laudantium eligendi reiciendis iure tempore.', 27.6, 4.7, 28.3, 76, 1978, 4697, 6906),
(1465, 'Hic mollitia illum', 'chinese', 'Quo aut quidem dignissimos. Perspiciatis praesentium eligendi sint et vero non minima. Et doloremque autem.', 16.3, 3.1, 30.4, 496, 1992, 5119, 1575),
(25, 'Sit facere voluptas', 'french', 'Eius illo ut reprehenderit quaerat. Delectus quod totam omnis. Velit nemo quaerat quis praesentium aliquam esse. Cumque eius totam est sit et vel molestias. Dolor dolor autem ab accusantium.', 21.9, 3.5, 26.2, 454, 1981, 9790, 8168),
(7603, 'Est aut minus', 'russian', 'Et et unde vel debitis quis nulla. Quibusdam a sit placeat nobis repudiandae ut eum. Fugiat ut dicta magni.', 21.9, 3.3, 32.2, 898, 1974, 7936, 1136),
(516, 'Alias atque asperiores ut', 'russian', 'Ipsa enim maxime. Neque sapiente cumque odio vel consectetur. Repellendus dicta et. Ab et ut.', 20.4, 4.8, 32.3, 86, 1970, 290, 1121),
(1641, 'Qui aperiam similique animi', 'spanish', 'Dicta soluta vel. Ullam laboriosam officiis voluptas. Fugit dicta molestias veritatis ut doloribus et.', 5.2, 1.5, 10.4, 129, 1984, 9733, 8138),
(7825, 'Eos consequatur id', 'russian', 'Dolores est qui voluptates et. Eos vero dignissimos sunt non illo laudantium rerum. Qui ratione deserunt et est molestias sequi qui. Ut est hic. Dolorem non aspernatur rerum sed qui.', 10.7, 1.3, 34.0, 116, 1972, 2920, 8168),
(5069, 'Voluptatem iste magnam voluptas', 'chinese', 'Est est eum ut qui quibusdam magni. Eius autem eos vel atque iusto aliquam. Corrupti rem aut earum.', 20.3, 3.5, 15.7, 572, 2009, 8384, 8476),
(1854, 'Atque odio pariatur ullam', 'croatian', 'Inventore cum nihil possimus soluta eaque ratione. Numquam vel asperiores. Nihil quos modi enim maxime aut enim dolorem. Facere ut quisquam. Eaque doloribus sunt autem numquam.', 10.1, 3.7, 21.8, 97, 1992, 4326, 1054),
(892, 'Vitae quaerat quis', 'english', 'Dolor voluptates quidem sint occaecati labore. Esse eaque deserunt sint harum. Quia qui porro et nesciunt deleniti optio officia. Earum sint dolores.', 17.2, 4.7, 22.1, 902, 1972, 3021, 1136),
(7900, 'Recusandae dolore minima', 'chinese', 'Accusamus et unde laudantium voluptas. Tempore libero et qui exercitationem. Ut maxime architecto laboriosam rerum sunt.', 9.8, 2.8, 13.1, 138, 1982, 8308, 4906),
(9147, 'Accusantium possimus quod', 'urdu', 'Autem omnis et est blanditiis. Ratione magnam ex. Voluptate aliquid dolor similique nihil enim. Et quibusdam ut at.', 18.3, 3.9, 28.1, 321, 1975, 8384, 6613),
(8874, 'Placeat reprehenderit nisi assumenda', 'farsi', 'Nihil quibusdam illo. Nemo ut dolore quasi. Nostrum velit facilis labore a vitae.', 19.4, 1.2, 9.8, 864, 1986, 8246, 691),
(9023, 'Sit quasi voluptatem', 'french', 'Culpa minus quaerat maiores laborum blanditiis. Facilis est sequi enim iusto. Ut ut id voluptas.', 14.0, 1.6, 18.9, 392, 1975, 4697, 3560),
(9116, 'Beatae vitae quis', 'croatian', 'Exercitationem hic ut et id animi. Possimus aperiam quis blanditiis iste quo nobis. Nisi nostrum consectetur veritatis voluptatibus reiciendis illum ea. Ea rem molestiae provident velit.', 30.9, 3.9, 11.6, 822, 1995, 7521, 8138),
(9766, 'At et nobis non', 'polish', 'Illum quod rerum eveniet. Accusantium et itaque unde similique. Dignissimos eum quae neque nostrum et. Tempora quia sed sunt hic provident sint deleniti.', 8.3, 3.9, 27.9, 306, 2014, 1639, 8138),
(4625, 'Dolorem officiis ut ipsum', 'belorussian', 'Molestiae accusamus reiciendis. Tempora aliquam laborum dolorem enim. Ut alias nemo autem id et.', 6.6, 4.9, 26.9, 275, 2006, 8246, 6613);
